unit_number,time_cycles,actual_RUL,predicted_RUL
2,1,125,127.15842
2,2,125,110.028145
2,3,125,118.624596
2,4,125,121.78982
2,5,125,117.2695
2,6,125,117.038445
2,7,125,119.90195
2,8,125,126.128235
2,9,125,124.55023
2,10,125,124.79284
2,11,125,125.86479
2,12,125,125.117516
2,13,125,125.384865
2,14,125,126.680275
2,15,125,127.53554
2,16,125,126.90328
2,17,125,123.52974
2,18,125,128.0869
2,19,125,125.257484
2,20,125,123.41643
2,21,125,124.85753
2,22,125,126.31289
2,23,125,126.48619
2,24,125,126.15664
2,25,125,127.0909
2,26,125,125.15786
2,27,125,126.62772
2,28,125,126.3974
2,29,125,126.10058
2,30,125,125.60561
2,31,125,123.36664
2,32,125,124.02994
2,33,125,125.07457
2,34,125,124.87262
2,35,125,126.51254
2,36,125,127.16128
2,37,125,126.1828
2,38,125,125.41196
2,39,125,127.53577
2,40,125,126.676605
2,41,125,126.41224
2,42,125,124.31566
2,43,125,123.48959
2,44,125,124.4781
2,45,125,123.62234
2,46,125,122.303856
2,47,125,124.12886
2,48,125,125.72702
2,49,125,126.88025
2,50,125,125.14371
2,51,125,125.02032
2,52,125,125.3012
2,53,125,127.105286
2,54,125,125.9139
2,55,125,124.997604
2,56,125,125.7626
2,57,125,125.93081
2,58,125,125.96352
2,59,125,126.047035
2,60,125,125.21745
2,61,125,125.40488
2,62,125,125.59441
2,63,125,125.6541
2,64,125,123.75221
2,65,125,124.5106
2,66,125,124.2179
2,67,125,124.47642
2,68,125,123.56508
2,69,125,124.34715
2,70,125,125.072266
2,71,125,126.308945
2,72,125,127.066216
2,73,125,126.07725
2,74,125,124.23271
2,75,125,124.7319
2,76,125,122.51885
2,77,125,125.45327
2,78,125,121.40155
2,79,125,119.64469
2,80,125,127.9312
2,81,125,126.21244
2,82,125,123.69346
2,83,125,123.75811
2,84,125,122.78506
2,85,125,124.42434
2,86,125,127.28439
2,87,125,122.985695
2,88,125,123.45324
2,89,125,122.100945
2,90,125,126.20075
2,91,125,126.29251
2,92,125,126.66102
2,93,125,125.206436
2,94,125,127.09703
2,95,125,126.15588
2,96,125,124.998535
2,97,125,126.37525
2,98,125,126.68638
2,99,125,127.46814
2,100,125,128.48
2,101,125,128.74162
2,102,125,127.150475
2,103,125,125.41346
2,104,125,124.63197
2,105,125,122.419876
2,106,125,121.39214
2,107,125,123.42931
2,108,125,123.98301
2,109,125,123.04189
2,110,125,122.516556
2,111,125,122.29469
2,112,125,122.808975
2,113,125,124.12005
2,114,125,124.213715
2,115,125,123.10323
2,116,125,124.31833
2,117,125,124.536156
2,118,125,124.91177
2,119,125,125.06978
2,120,125,125.07524
2,121,125,125.857346
2,122,125,124.84677
2,123,125,123.320465
2,124,125,122.824875
2,125,125,124.205086
2,126,125,123.18408
2,127,125,122.39962
2,128,125,124.0783
2,129,125,122.93172
2,130,125,122.18681
2,131,125,123.26489
2,132,125,123.333015
2,133,125,119.43699
2,134,125,119.69314
2,135,125,119.6996
2,136,125,121.23034
2,137,125,120.06755
2,138,125,119.97424
2,139,125,118.15348
2,140,125,118.399956
2,141,125,115.50237
2,142,125,119.55063
2,143,125,119.00918
2,144,125,118.65079
2,145,125,118.42395
2,146,125,118.622116
2,147,125,115.20923
2,148,125,117.773834
2,149,125,116.14077
2,150,125,117.58819
2,151,125,118.31413
2,152,125,117.60204
2,153,125,115.13339
2,154,125,115.706055
2,155,125,114.33528
2,156,125,116.2446
2,157,125,114.639915
2,158,125,113.79626
2,159,125,113.68365
2,160,125,118.088524
2,161,125,112.175224
2,162,125,111.37303
2,163,124,114.395645
2,164,123,116.03289
2,165,122,116.04007
2,166,121,117.69912
2,167,120,115.214294
2,168,119,113.30151
2,169,118,113.12726
2,170,117,111.52083
2,171,116,108.48976
2,172,115,106.945984
2,173,114,109.31444
2,174,113,108.58654
2,175,112,108.121284
2,176,111,109.829796
2,177,110,108.82965
2,178,109,106.57051
2,179,108,109.84265
2,180,107,113.05282
2,181,106,110.78378
2,182,105,114.27673
2,183,104,113.89
2,184,103,113.34077
2,185,102,108.76416
2,186,101,104.61557
2,187,100,104.91379
2,188,99,110.9866
2,189,98,114.27564
2,190,97,114.71085
2,191,96,112.57317
2,192,95,105.10616
2,193,94,112.348946
2,194,93,105.68623
2,195,92,112.4763
2,196,91,115.477905
2,197,90,106.517624
2,198,89,101.941246
2,199,88,108.6532
2,200,87,109.513535
2,201,86,114.97635
2,202,85,109.49469
2,203,84,107.18079
2,204,83,114.46333
2,205,82,106.50057
2,206,81,118.653046
2,207,80,109.29022
2,208,79,105.88309
2,209,78,104.08896
2,210,77,105.61448
2,211,76,97.37385
2,212,75,96.08434
2,213,74,90.01407
2,214,73,96.6954
2,215,72,94.30599
2,216,71,104.037895
2,217,70,106.92854
2,218,69,102.25126
2,219,68,86.69115
2,220,67,90.54467
2,221,66,91.08391
2,222,65,92.33862
2,223,64,93.148735
2,224,63,80.55594
2,225,62,65.21955
2,226,61,71.88667
2,227,60,68.480255
2,228,59,70.36749
2,229,58,72.230606
2,230,57,70.6939
2,231,56,64.41842
2,232,55,58.80339
2,233,54,56.879623
2,234,53,61.455036
2,235,52,60.1798
2,236,51,69.84406
2,237,50,63.521244
2,238,49,63.731518
2,239,48,60.96277
2,240,47,61.545498
2,241,46,56.352493
2,242,45,53.477005
2,243,44,50.70852
2,244,43,51.08803
2,245,42,45.4188
2,246,41,50.4451
2,247,40,46.323013
2,248,39,39.259098
2,249,38,37.95957
2,250,37,42.117676
2,251,36,40.998215
2,252,35,36.386192
2,253,34,36.17881
2,254,33,37.675865
2,255,32,37.193752
2,256,31,36.088478
2,257,30,30.587393
2,258,29,30.605207
2,259,28,28.190273
2,260,27,25.379047
2,261,26,27.81058
2,262,25,30.841124
2,263,24,30.023783
2,264,23,19.801275
2,265,22,23.55254
2,266,21,29.971422
2,267,20,21.883596
2,268,19,22.38075
2,269,18,23.293697
2,270,17,17.571156
2,271,16,12.98304
2,272,15,8.730833
2,273,14,9.683578
2,274,13,7.1123447
2,275,12,7.6129456
2,276,11,4.796436
2,277,10,6.342155
2,278,9,4.867111
2,279,8,6.105401
2,280,7,5.6546783
2,281,6,5.9320683
2,282,5,6.6194015
2,283,4,5.6929126
2,284,3,5.711932
2,285,2,4.0313535
2,286,1,4.441924
2,287,0,2.7927
3,1,125,117.200516
3,2,125,124.40697
3,3,125,114.993706
3,4,125,124.1327
3,5,125,118.29586
3,6,125,123.59661
3,7,125,121.83989
3,8,125,120.00526
3,9,125,121.34786
3,10,125,121.398766
3,11,125,124.11423
3,12,125,122.40102
3,13,125,123.41391
3,14,125,118.97478
3,15,125,119.03847
3,16,125,118.95077
3,17,125,119.46675
3,18,125,120.02131
3,19,125,125.270004
3,20,125,122.80072
3,21,125,122.35686
3,22,125,120.564384
3,23,125,122.50715
3,24,125,124.944084
3,25,125,126.132454
3,26,125,125.45181
3,27,125,123.723495
3,28,125,122.90755
3,29,125,123.582115
3,30,125,122.30879
3,31,125,121.06408
3,32,125,124.35192
3,33,125,122.873795
3,34,125,124.54386
3,35,125,123.66675
3,36,125,119.94029
3,37,125,121.091606
3,38,125,118.01295
3,39,125,119.69094
3,40,125,118.308754
3,41,125,120.31471
3,42,125,120.97073
3,43,125,116.99902
3,44,125,120.30377
3,45,125,120.402885
3,46,125,119.87602
3,47,125,120.01562
3,48,125,122.29777
3,49,125,122.61223
3,50,125,122.357124
3,51,125,122.15702
3,52,125,121.15238
3,53,125,123.09705
3,54,125,121.442116
3,55,124,119.80522
3,56,123,120.18246
3,57,122,119.999504
3,58,121,120.223785
3,59,120,122.35625
3,60,119,118.583855
3,61,118,117.29432
3,62,117,115.971275
3,63,116,112.87801
3,64,115,114.07417
3,65,114,112.3689
3,66,113,117.12667
3,67,112,113.71778
3,68,111,118.06692
3,69,110,117.55878
3,70,109,117.53813
3,71,108,118.48785
3,72,107,115.533134
3,73,106,114.5155
3,74,105,118.28462
3,75,104,122.30543
3,76,103,123.29926
3,77,102,120.84094
3,78,101,117.03985
3,79,100,120.36264
3,80,99,118.334526
3,81,98,112.01164
3,82,97,116.335205
3,83,96,112.394714
3,84,95,113.48307
3,85,94,110.05642
3,86,93,106.88813
3,87,92,109.3429
3,88,91,110.890114
3,89,90,113.6564
3,90,89,102.24793
3,91,88,104.727936
3,92,87,105.285126
3,93,86,102.96394
3,94,85,103.13477
3,95,84,112.96553
3,96,83,118.84442
3,97,82,104.551445
3,98,81,111.65396
3,99,80,101.66426
3,100,79,103.576935
3,101,78,92.0694
3,102,77,93.70109
3,103,76,91.50927
3,104,75,89.83315
3,105,74,88.64847
3,106,73,89.26247
3,107,72,91.74818
3,108,71,80.47362
3,109,70,90.03734
3,110,69,85.79422
3,111,68,86.990715
3,112,67,89.05233
3,113,66,88.92237
3,114,65,92.532814
3,115,64,97.25171
3,116,63,90.73261
3,117,62,86.60065
3,118,61,85.58792
3,119,60,85.57248
3,120,59,81.297676
3,121,58,82.39732
3,122,57,82.83339
3,123,56,70.010315
3,124,55,75.951485
3,125,54,82.005516
3,126,53,84.748344
3,127,52,78.042656
3,128,51,74.349785
3,129,50,73.37996
3,130,49,64.032776
3,131,48,65.928635
3,132,47,60.522945
3,133,46,61.439083
3,134,45,59.888466
3,135,44,57.047367
3,136,43,57.27723
3,137,42,56.60493
3,138,41,55.477192
3,139,40,55.16887
3,140,39,47.774178
3,141,38,46.105827
3,142,37,42.502373
3,143,36,43.675148
3,144,35,39.109608
3,145,34,42.989822
3,146,33,39.013138
3,147,32,35.9171
3,148,31,42.448494
3,149,30,41.532394
3,150,29,39.180023
3,151,28,30.727013
3,152,27,32.54171
3,153,26,26.621431
3,154,25,24.339277
3,155,24,27.386086
3,156,23,22.261189
3,157,22,25.286098
3,158,21,21.962942
3,159,20,22.607498
3,160,19,22.056454
3,161,18,20.60907
3,162,17,20.684132
3,163,16,21.574501
3,164,15,20.051079
3,165,14,16.065119
3,166,13,18.017727
3,167,12,13.381204
3,168,11,11.934366
3,169,10,10.609732
3,170,9,9.985983
3,171,8,8.3754015
3,172,7,6.7930245
3,173,6,8.8038025
3,174,5,8.471738
3,175,4,6.5851693
3,176,3,6.1350093
3,177,2,1.7896
3,178,1,-1.0042949
3,179,0,-0.9375647
15,1,125,124.11035
15,2,125,124.19176
15,3,125,125.08055
15,4,125,126.615166
15,5,125,127.19687
15,6,125,125.80759
15,7,125,126.48941
15,8,125,124.47124
15,9,125,128.44557
15,10,125,128.66504
15,11,125,127.776085
15,12,125,125.8534
15,13,125,128.00261
15,14,125,127.56201
15,15,125,125.03594
15,16,125,124.65398
15,17,125,124.35593
15,18,125,125.66169
15,19,125,126.11646
15,20,125,125.49557
15,21,125,125.58856
15,22,125,124.96415
15,23,125,125.51884
15,24,125,126.882866
15,25,125,125.98155
15,26,125,126.91876
15,27,125,125.10723
15,28,125,126.39422
15,29,125,123.84627
15,30,125,124.47431
15,31,125,124.26305
15,32,125,123.80359
15,33,125,123.774055
15,34,125,123.807045
15,35,125,122.85031
15,36,125,122.99528
15,37,125,122.919304
15,38,125,122.03641
15,39,125,121.298294
15,40,125,124.42503
15,41,125,125.08885
15,42,125,125.834885
15,43,125,124.792984
15,44,125,124.98688
15,45,125,125.85446
15,46,125,124.28761
15,47,125,123.642525
15,48,125,123.1376
15,49,125,124.76454
15,50,125,122.99594
15,51,125,124.35931
15,52,125,123.71026
15,53,125,125.07611
15,54,125,124.08749
15,55,125,124.32317
15,56,125,125.19212
15,57,125,124.69373
15,58,125,124.6283
15,59,125,123.723335
15,60,125,124.073906
15,61,125,124.51156
15,62,125,124.042244
15,63,125,124.56932
15,64,125,121.551506
15,65,125,122.434296
15,66,125,122.72327
15,67,125,125.31411
15,68,125,123.50785
15,69,125,127.82261
15,70,125,127.21483
15,71,125,126.53306
15,72,125,127.67032
15,73,125,126.544525
15,74,125,125.34696
15,75,125,124.92252
15,76,125,123.71731
15,77,125,124.416435
15,78,125,123.90078
15,79,125,123.66626
15,80,125,122.80048
15,81,125,123.44566
15,82,125,122.08966
15,83,124,120.93594
15,84,123,121.58643
15,85,122,123.8201
15,86,121,120.404396
15,87,120,121.640785
15,88,119,121.89271
15,89,118,123.68096
15,90,117,122.65838
15,91,116,122.206474
15,92,115,120.008965
15,93,114,119.84874
15,94,113,120.975
15,95,112,121.91615
15,96,111,119.619774
15,97,110,120.43423
15,98,109,118.37519
15,99,108,115.92056
15,100,107,120.736916
15,101,106,121.33917
15,102,105,119.46964
15,103,104,116.7226
15,104,103,119.73645
15,105,102,115.96209
15,106,101,115.495735
15,107,100,116.24995
15,108,99,119.34127
15,109,98,116.75244
15,110,97,119.25017
15,111,96,117.6258
15,112,95,117.53135
15,113,94,119.175644
15,114,93,117.18733
15,115,92,119.1868
15,116,91,117.39336
15,117,90,118.2641
15,118,89,116.85079
15,119,88,119.16211
15,120,87,119.14152
15,121,86,118.26957
15,122,85,118.99019
15,123,84,116.16209
15,124,83,113.90744
15,125,82,116.26941
15,126,81,110.98155
15,127,80,114.25813
15,128,79,109.26773
15,129,78,99.06824
15,130,77,94.148
15,131,76,101.764175
15,132,75,111.47717
15,133,74,112.351845
15,134,73,116.43021
15,135,72,116.636475
15,136,71,113.26942
15,137,70,116.19998
15,138,69,123.865944
15,139,68,118.61482
15,140,67,117.77942
15,141,66,116.01905
15,142,65,119.48791
15,143,64,116.24633
15,144,63,111.77114
15,145,62,108.721085
15,146,61,112.16975
15,147,60,106.91498
15,148,59,109.675446
15,149,58,120.88295
15,150,57,111.86036
15,151,56,107.10096
15,152,55,111.14924
15,153,54,101.045006
15,154,53,104.194954
15,155,52,110.466545
15,156,51,113.6786
15,157,50,107.41092
15,158,49,108.24388
15,159,48,103.56039
15,160,47,107.76095
15,161,46,106.09057
15,162,45,112.017586
15,163,44,109.60667
15,164,43,106.8366
15,165,42,99.749084
15,166,41,91.37802
15,167,40,92.42505
15,168,39,91.25255
15,169,38,88.92053
15,170,37,65.89239
15,171,36,87.142395
15,172,35,82.7319
15,173,34,71.65329
15,174,33,68.478424
15,175,32,59.727245
15,176,31,59.923824
15,177,30,57.65107
15,178,29,53.743874
15,179,28,44.43124
15,180,27,46.502
15,181,26,45.559895
15,182,25,40.264084
15,183,24,36.632305
15,184,23,42.680626
15,185,22,32.217384
15,186,21,34.99681
15,187,20,28.022953
15,188,19,33.161613
15,189,18,35.43528
15,190,17,32.02971
15,191,16,26.50287
15,192,15,22.760542
15,193,14,11.090279
15,194,13,11.936586
15,195,12,15.141255
15,196,11,15.262076
15,197,10,15.132554
15,198,9,14.044316
15,199,8,14.012074
15,200,7,11.075649
15,201,6,11.950318
15,202,5,9.484879
15,203,4,5.8208976
15,204,3,9.215243
15,205,2,2.7660174
15,206,1,3.0757747
15,207,0,0.70023334
21,1,125,127.875786
21,2,125,89.03467
21,3,125,111.67152
21,4,125,119.47425
21,5,125,118.30533
21,6,125,121.69283
21,7,125,109.61667
21,8,125,116.67686
21,9,125,118.38106
21,10,125,115.889084
21,11,125,114.21696
21,12,125,103.39559
21,13,125,111.861176
21,14,125,110.61049
21,15,125,112.48059
21,16,125,108.6036
21,17,125,115.961525
21,18,125,117.766556
21,19,125,124.437416
21,20,125,124.28047
21,21,125,125.38033
21,22,125,122.82801
21,23,125,124.100945
21,24,125,122.954605
21,25,125,118.877106
21,26,125,119.261826
21,27,125,120.51158
21,28,125,118.9564
21,29,125,120.358475
21,30,125,119.193344
21,31,125,117.45475
21,32,125,122.74801
21,33,125,123.06232
21,34,125,119.779686
21,35,125,122.23954
21,36,125,114.9461
21,37,125,119.83357
21,38,125,117.97451
21,39,125,121.12528
21,40,125,115.791374
21,41,125,119.7074
21,42,125,116.16312
21,43,125,118.00516
21,44,125,108.81637
21,45,125,111.52975
21,46,125,107.823616
21,47,125,112.51134
21,48,125,114.89454
21,49,125,115.65537
21,50,125,112.35276
21,51,125,109.42274
21,52,125,112.06933
21,53,125,110.68004
21,54,125,102.548744
21,55,125,109.19798
21,56,125,109.53018
21,57,125,111.217926
21,58,125,115.94147
21,59,125,113.27109
21,60,125,116.68324
21,61,125,111.64901
21,62,125,111.17113
21,63,125,112.12555
21,64,125,124.66709
21,65,125,122.23222
21,66,125,119.79721
21,67,125,112.63337
21,68,125,105.34468
21,69,125,102.87617
21,70,125,104.683624
21,71,124,109.41088
21,72,123,107.08097
21,73,122,104.75167
21,74,121,108.8315
21,75,120,101.57039
21,76,119,98.9937
21,77,118,106.179634
21,78,117,110.7116
21,79,116,117.09784
21,80,115,114.70063
21,81,114,107.25506
21,82,113,109.02079
21,83,112,113.6981
21,84,111,117.56004
21,85,110,115.642815
21,86,109,114.03464
21,87,108,115.577324
21,88,107,105.06533
21,89,106,112.25834
21,90,105,110.27689
21,91,104,116.18815
21,92,103,114.13237
21,93,102,111.185486
21,94,101,108.721985
21,95,100,114.10049
21,96,99,114.994606
21,97,98,104.790825
21,98,97,107.30519
21,99,96,108.06915
21,100,95,112.43781
21,101,94,113.22305
21,102,93,104.479454
21,103,92,110.61755
21,104,91,102.91415
21,105,90,109.65369
21,106,89,103.107994
21,107,88,105.028534
21,108,87,107.747505
21,109,86,96.98152
21,110,85,107.8185
21,111,84,109.73881
21,112,83,103.07076
21,113,82,99.01472
21,114,81,105.03597
21,115,80,105.277824
21,116,79,104.43068
21,117,78,112.93995
21,118,77,96.74245
21,119,76,101.494965
21,120,75,97.28171
21,121,74,92.84165
21,122,73,106.68711
21,123,72,110.23522
21,124,71,108.618614
21,125,70,103.18563
21,126,69,107.09547
21,127,68,98.79951
21,128,67,95.30584
21,129,66,80.583534
21,130,65,92.642006
21,131,64,77.43417
21,132,63,86.118256
21,133,62,72.68132
21,134,61,72.54508
21,135,60,71.178505
21,136,59,74.24671
21,137,58,72.66713
21,138,57,70.82143
21,139,56,61.74863
21,140,55,63.192413
21,141,54,61.64359
21,142,53,57.308506
21,143,52,52.463608
21,144,51,63.817486
21,145,50,49.40743
21,146,49,44.0989
21,147,48,40.444126
21,148,47,42.62271
21,149,46,45.38651
21,150,45,43.8726
21,151,44,41.53778
21,152,43,44.722904
21,153,42,37.741444
21,154,41,39.091305
21,155,40,41.599678
21,156,39,42.2348
21,157,38,35.58491
21,158,37,33.926296
21,159,36,42.65964
21,160,35,40.99499
21,161,34,40.252293
21,162,33,38.08894
21,163,32,39.4939
21,164,31,36.734432
21,165,30,35.5902
21,166,29,30.846004
21,167,28,31.662642
21,168,27,30.10882
21,169,26,30.154306
21,170,25,25.886976
21,171,24,26.77884
21,172,23,27.481142
21,173,22,24.330978
21,174,21,23.558474
21,175,20,26.898357
21,176,19,22.974678
21,177,18,20.024347
21,178,17,24.466686
21,179,16,21.950533
21,180,15,16.122124
21,181,14,16.338251
21,182,13,13.88695
21,183,12,15.285383
21,184,11,10.815239
21,185,10,11.3016405
21,186,9,11.064892
21,187,8,9.626099
21,188,7,9.728075
21,189,6,8.69868
21,190,5,6.5344896
21,191,4,8.1900835
21,192,3,8.459878
21,193,2,5.8771105
21,194,1,2.7265866
21,195,0,2.7346687
22,1,125,120.285805
22,2,125,124.501755
22,3,125,111.384476
22,4,125,116.904076
22,5,125,95.264305
22,6,125,98.07024
22,7,125,97.06008
22,8,125,100.30089
22,9,125,99.77281
22,10,125,93.79329
22,11,125,97.28681
22,12,125,103.040504
22,13,125,98.35061
22,14,125,94.26883
22,15,125,96.20816
22,16,125,111.248215
22,17,125,103.58701
22,18,125,94.39115
22,19,125,95.32254
22,20,125,92.65282
22,21,125,94.12012
22,22,125,97.28294
22,23,125,103.25662
22,24,125,98.131905
22,25,125,85.914986
22,26,125,104.90601
22,27,125,102.06905
22,28,125,89.1537
22,29,125,94.79206
22,30,125,93.921486
22,31,125,112.191124
22,32,125,111.400375
22,33,125,110.591934
22,34,125,109.676865
22,35,125,111.74421
22,36,125,118.13663
22,37,125,116.502174
22,38,125,112.30306
22,39,125,115.31184
22,40,125,120.4467
22,41,125,118.79347
22,42,125,117.71234
22,43,125,115.26923
22,44,125,101.632576
22,45,125,100.82969
22,46,125,105.13438
22,47,125,115.53486
22,48,125,113.04467
22,49,125,107.416595
22,50,125,106.05515
22,51,125,104.52769
22,52,125,103.45755
22,53,125,105.67782
22,54,125,108.441925
22,55,125,91.644684
22,56,125,90.10717
22,57,125,80.587845
22,58,125,85.61451
22,59,125,85.7348
22,60,125,94.751884
22,61,125,79.48198
22,62,125,82.07278
22,63,125,90.814735
22,64,125,85.80213
22,65,125,85.94381
22,66,125,76.27763
22,67,125,102.34816
22,68,125,102.03974
22,69,125,92.582535
22,70,125,83.52559
22,71,125,91.79672
22,72,125,77.03718
22,73,125,78.99981
22,74,125,80.13797
22,75,125,85.30239
22,76,125,77.25451
22,77,125,68.21144
22,78,124,57.790363
22,79,123,78.14106
22,80,122,74.36843
22,81,121,60.674126
22,82,120,75.90881
22,83,119,78.02105
22,84,118,80.21487
22,85,117,82.90598
22,86,116,82.89213
22,87,115,87.41787
22,88,114,86.084595
22,89,113,90.60613
22,90,112,68.82754
22,91,111,75.874596
22,92,110,67.22402
22,93,109,64.84241
22,94,108,67.569244
22,95,107,67.47621
22,96,106,72.114296
22,97,105,75.52329
22,98,104,87.33336
22,99,103,97.696
22,100,102,85.23319
22,101,101,85.688065
22,102,100,80.5804
22,103,99,76.31453
22,104,98,79.30354
22,105,97,77.68096
22,106,96,75.612816
22,107,95,71.612434
22,108,94,73.87294
22,109,93,57.193634
22,110,92,51.38121
22,111,91,64.137566
22,112,90,55.853573
22,113,89,55.982887
22,114,88,59.88274
22,115,87,50.581734
22,116,86,59.675682
22,117,85,60.68139
22,118,84,49.964073
22,119,83,60.31983
22,120,82,54.298256
22,121,81,44.992012
22,122,80,34.664482
22,123,79,43.72044
22,124,78,58.805607
22,125,77,51.918385
22,126,76,50.311684
22,127,75,56.21616
22,128,74,54.75273
22,129,73,39.52685
22,130,72,42.11904
22,131,71,40.07203
22,132,70,42.835884
22,133,69,33.14547
22,134,68,31.656769
22,135,67,30.68161
22,136,66,30.035238
22,137,65,26.571726
22,138,64,32.258965
22,139,63,31.435812
22,140,62,39.673565
22,141,61,37.675026
22,142,60,37.71577
22,143,59,45.552013
22,144,58,41.437134
22,145,57,44.708614
22,146,56,49.457367
22,147,55,40.178463
22,148,54,38.26966
22,149,53,35.40085
22,150,52,41.88125
22,151,51,30.91894
22,152,50,34.87748
22,153,49,35.03916
22,154,48,34.96283
22,155,47,33.98009
22,156,46,32.57627
22,157,45,35.922844
22,158,44,35.86791
22,159,43,33.730896
22,160,42,33.84771
22,161,41,27.8469
22,162,40,24.93809
22,163,39,26.39333
22,164,38,25.456871
22,165,37,24.00678
22,166,36,27.532585
22,167,35,28.812399
22,168,34,27.117346
22,169,33,31.130768
22,170,32,27.589058
22,171,31,24.54933
22,172,30,29.707108
22,173,29,20.948418
22,174,28,18.711388
22,175,27,19.440277
22,176,26,19.90138
22,177,25,21.63882
22,178,24,16.161371
22,179,23,14.172218
22,180,22,11.886188
22,181,21,12.28983
22,182,20,12.990872
22,183,19,9.50142
22,184,18,10.368544
22,185,17,9.369307
22,186,16,8.716629
22,187,15,10.343282
22,188,14,12.094545
22,189,13,11.303662
22,190,12,10.3651495
22,191,11,4.8795176
22,192,10,5.7650037
22,193,9,2.4412518
22,194,8,3.0461216
22,195,7,4.9634256
22,196,6,2.0823712
22,197,5,5.5906024
22,198,4,5.3754225
22,199,3,3.9423485
22,200,2,2.9975994
22,201,1,1.5667566
22,202,0,1.9333639
24,1,125,123.40114
24,2,125,123.16354
24,3,125,118.80262
24,4,125,121.3623
24,5,125,117.70288
24,6,125,117.51205
24,7,125,115.16936
24,8,125,113.17842
24,9,125,116.88662
24,10,125,111.84443
24,11,125,117.7429
24,12,125,115.97009
24,13,125,116.83288
24,14,125,114.847435
24,15,125,117.39708
24,16,125,115.50854
24,17,125,113.304756
24,18,125,110.1289
24,19,125,108.85849
24,20,125,116.35677
24,21,125,120.164345
24,22,125,121.21003
24,23,124,120.74383
24,24,123,119.14838
24,25,122,117.84065
24,26,121,116.39952
24,27,120,117.687164
24,28,119,118.36371
24,29,118,119.976036
24,30,117,116.91487
24,31,116,116.008156
24,32,115,113.883896
24,33,114,114.302155
24,34,113,114.54396
24,35,112,112.17555
24,36,111,112.755646
24,37,110,109.804245
24,38,109,114.681274
24,39,108,111.40043
24,40,107,118.97118
24,41,106,118.495834
24,42,105,119.10865
24,43,104,116.426384
24,44,103,118.59222
24,45,102,119.830734
24,46,101,115.54102
24,47,100,116.5757
24,48,99,116.350296
24,49,98,110.34613
24,50,97,114.12951
24,51,96,114.94702
24,52,95,108.56861
24,53,94,112.27398
24,54,93,110.62083
24,55,92,114.87293
24,56,91,117.557465
24,57,90,113.534134
24,58,89,115.18417
24,59,88,110.02174
24,60,87,113.278725
24,61,86,115.15212
24,62,85,119.118866
24,63,84,118.640495
24,64,83,116.78107
24,65,82,119.69784
24,66,81,119.61588
24,67,80,115.96094
24,68,79,116.70629
24,69,78,122.53846
24,70,77,121.7881
24,71,76,121.777336
24,72,75,120.28937
24,73,74,125.22081
24,74,73,120.17464
24,75,72,119.68381
24,76,71,119.01808
24,77,70,105.797325
24,78,69,108.78178
24,79,68,111.916824
24,80,67,107.76033
24,81,66,109.48863
24,82,65,106.57677
24,83,64,109.1757
24,84,63,106.830666
24,85,62,113.97312
24,86,61,108.7606
24,87,60,110.524475
24,88,59,104.22322
24,89,58,117.854675
24,90,57,111.54785
24,91,56,109.34126
24,92,55,116.8274
24,93,54,115.06244
24,94,53,113.38473
24,95,52,108.7679
24,96,51,106.93405
24,97,50,111.4352
24,98,49,108.85575
24,99,48,109.60087
24,100,47,98.06714
24,101,46,86.98555
24,102,45,80.69476
24,103,44,89.64184
24,104,43,87.392715
24,105,42,96.670944
24,106,41,108.41147
24,107,40,102.48688
24,108,39,104.333084
24,109,38,94.48389
24,110,37,93.80861
24,111,36,107.914764
24,112,35,96.651535
24,113,34,88.72217
24,114,33,74.225494
24,115,32,72.13518
24,116,31,70.16209
24,117,30,70.0731
24,118,29,82.24953
24,119,28,78.693855
24,120,27,66.241714
24,121,26,62.112732
24,122,25,56.819447
24,123,24,61.04066
24,124,23,50.549625
24,125,22,49.14184
24,126,21,37.00228
24,127,20,39.256653
24,128,19,38.10747
24,129,18,37.564327
24,130,17,36.542763
24,131,16,35.641487
24,132,15,33.338047
24,133,14,30.357828
24,134,13,22.614761
24,135,12,25.566055
24,136,11,20.235212
24,137,10,14.747356
24,138,9,17.36788
24,139,8,17.96999
24,140,7,12.131032
24,141,6,15.039631
24,142,5,7.9310184
24,143,4,6.0357103
24,144,3,2.6150415
24,145,2,2.8521507
24,146,1,-0.8365123
24,147,0,1.5822928
30,1,125,126.42113
30,2,125,125.836624
30,3,125,122.45298
30,4,125,123.91237
30,5,125,121.63725
30,6,125,124.07191
30,7,125,123.37058
30,8,125,121.05428
30,9,125,122.53259
30,10,125,123.21238
30,11,125,123.37521
30,12,125,123.034966
30,13,125,123.246864
30,14,125,123.47154
30,15,125,122.8472
30,16,125,124.56772
30,17,125,124.549805
30,18,125,124.60758
30,19,125,123.74115
30,20,125,125.21222
30,21,125,124.197685
30,22,125,125.333336
30,23,125,125.34357
30,24,125,124.22891
30,25,125,123.47271
30,26,125,122.7866
30,27,125,124.28837
30,28,125,123.77204
30,29,125,123.7416
30,30,125,123.048515
30,31,125,123.377754
30,32,125,123.46488
30,33,125,123.28042
30,34,125,123.98352
30,35,125,124.75023
30,36,125,124.873665
30,37,125,124.777016
30,38,125,121.73584
30,39,125,124.15358
30,40,125,124.063126
30,41,125,123.81743
30,42,125,124.76967
30,43,125,125.6463
30,44,125,123.06775
30,45,125,122.969536
30,46,125,124.936554
30,47,125,125.35439
30,48,125,126.30765
30,49,125,125.52115
30,50,125,124.60125
30,51,125,125.88246
30,52,125,124.950935
30,53,125,124.67762
30,54,125,125.24157
30,55,125,124.84171
30,56,125,124.0434
30,57,125,124.41362
30,58,125,126.89075
30,59,125,122.700966
30,60,125,125.31811
30,61,125,125.98607
30,62,125,125.62411
30,63,125,125.92729
30,64,125,125.729065
30,65,125,124.68421
30,66,125,124.82787
30,67,125,125.24116
30,68,125,126.41502
30,69,125,123.38723
30,70,124,123.58764
30,71,123,121.96137
30,72,122,119.57762
30,73,121,121.107635
30,74,120,119.38355
30,75,119,121.862595
30,76,118,123.12175
30,77,117,125.14172
30,78,116,118.96812
30,79,115,116.25503
30,80,114,119.36433
30,81,113,122.26576
30,82,112,120.020164
30,83,111,117.87226
30,84,110,121.47146
30,85,109,122.34039
30,86,108,120.97755
30,87,107,120.20193
30,88,106,121.81118
30,89,105,121.588165
30,90,104,120.5971
30,91,103,120.835266
30,92,102,122.29182
30,93,101,122.6049
30,94,100,122.00143
30,95,99,121.32776
30,96,98,121.20696
30,97,97,118.85628
30,98,96,116.51172
30,99,95,114.38685
30,100,94,116.43045
30,101,93,115.79188
30,102,92,118.51002
30,103,91,118.613304
30,104,90,116.75594
30,105,89,116.6328
30,106,88,112.494
30,107,87,115.27261
30,108,86,115.906876
30,109,85,115.92391
30,110,84,117.40586
30,111,83,115.56062
30,112,82,114.22725
30,113,81,114.65496
30,114,80,115.04213
30,115,79,119.09349
30,116,78,118.98515
30,117,77,116.83186
30,118,76,114.96745
30,119,75,116.02788
30,120,74,111.123825
30,121,73,113.52409
30,122,72,115.695885
30,123,71,106.71441
30,124,70,98.52445
30,125,69,102.80116
30,126,68,107.42762
30,127,67,107.58851
30,128,66,112.73271
30,129,65,104.50026
30,130,64,106.283966
30,131,63,104.09153
30,132,62,105.178894
30,133,61,104.57799
30,134,60,105.91192
30,135,59,107.97018
30,136,58,105.159004
30,137,57,110.22354
30,138,56,112.04738
30,139,55,113.05937
30,140,54,114.69025
30,141,53,114.39921
30,142,52,108.97917
30,143,51,105.40428
30,144,50,105.805504
30,145,49,99.03083
30,146,48,100.33844
30,147,47,100.89454
30,148,46,103.71396
30,149,45,99.739426
30,150,44,104.97518
30,151,43,101.7815
30,152,42,94.302315
30,153,41,105.0213
30,154,40,110.58998
30,155,39,114.897125
30,156,38,113.077126
30,157,37,117.43172
30,158,36,110.0727
30,159,35,111.51397
30,160,34,105.745476
30,161,33,92.52388
30,162,32,100.78231
30,163,31,81.664894
30,164,30,75.92665
30,165,29,79.636635
30,166,28,83.4254
30,167,27,74.07915
30,168,26,66.291046
30,169,25,55.51238
30,170,24,62.920033
30,171,23,57.21816
30,172,22,54.603443
30,173,21,52.262817
30,174,20,39.69111
30,175,19,37.279068
30,176,18,34.112926
30,177,17,35.61099
30,178,16,23.441574
30,179,15,30.187517
30,180,14,24.127422
30,181,13,23.202402
30,182,12,23.79857
30,183,11,21.323946
30,184,10,17.224667
30,185,9,18.904852
30,186,8,15.302017
30,187,7,9.677702
30,188,6,6.991988
30,189,5,6.3975267
30,190,4,3.6049287
30,191,3,5.4471073
30,192,2,4.843538
30,193,1,3.5940173
30,194,0,1.5866177
38,1,125,120.90089
38,2,125,117.09573
38,3,125,120.52918
38,4,125,127.08509
38,5,125,125.03924
38,6,125,123.24453
38,7,125,125.882
38,8,125,122.28579
38,9,125,124.438484
38,10,125,126.01555
38,11,125,122.31663
38,12,125,110.21129
38,13,125,120.409836
38,14,125,119.67378
38,15,125,112.82714
38,16,125,110.518105
38,17,125,117.72835
38,18,125,105.592
38,19,125,109.67268
38,20,125,110.50256
38,21,125,108.53772
38,22,125,111.49353
38,23,125,112.2058
38,24,125,119.12209
38,25,125,118.41489
38,26,125,117.89084
38,27,125,114.96433
38,28,125,118.836075
38,29,125,114.76425
38,30,125,117.361275
38,31,125,117.85333
38,32,125,112.46232
38,33,125,120.275345
38,34,125,113.80169
38,35,125,117.36604
38,36,125,124.103325
38,37,125,124.00894
38,38,125,118.482574
38,39,125,123.06281
38,40,125,115.214745
38,41,125,106.35457
38,42,125,103.37842
38,43,125,116.28021
38,44,125,108.43672
38,45,125,114.149254
38,46,125,112.02177
38,47,125,116.35111
38,48,125,114.97513
38,49,125,119.24486
38,50,125,114.95606
38,51,125,114.15488
38,52,125,114.945526
38,53,125,112.006256
38,54,125,123.010185
38,55,125,116.38489
38,56,125,114.10292
38,57,125,110.46686
38,58,125,115.604614
38,59,125,111.14164
38,60,125,107.1741
38,61,125,109.14625
38,62,125,115.99633
38,63,125,117.98867
38,64,125,111.473755
38,65,125,123.92645
38,66,125,115.32628
38,67,125,105.62997
38,68,125,113.45036
38,69,125,113.88586
38,70,124,103.10791
38,71,123,108.35352
38,72,122,109.46305
38,73,121,112.53439
38,74,120,115.66803
38,75,119,113.92326
38,76,118,104.97532
38,77,117,104.519615
38,78,116,107.28675
38,79,115,112.147194
38,80,114,115.72668
38,81,113,116.86389
38,82,112,121.91374
38,83,111,116.50885
38,84,110,117.263054
38,85,109,119.16827
38,86,108,114.75416
38,87,107,118.97943
38,88,106,120.81624
38,89,105,124.216484
38,90,104,121.08443
38,91,103,117.701126
38,92,102,122.38905
38,93,101,111.31294
38,94,100,116.09804
38,95,99,117.49126
38,96,98,103.62455
38,97,97,99.94813
38,98,96,101.613235
38,99,95,110.07596
38,100,94,111.42013
38,101,93,109.08197
38,102,92,108.97799
38,103,91,109.4656
38,104,90,107.901955
38,105,89,96.34125
38,106,88,115.82255
38,107,87,105.14528
38,108,86,103.17509
38,109,85,113.86098
38,110,84,115.802605
38,111,83,109.47252
38,112,82,116.6006
38,113,81,113.44116
38,114,80,103.60672
38,115,79,93.96849
38,116,78,96.89665
38,117,77,84.83264
38,118,76,79.137985
38,119,75,80.49778
38,120,74,87.02948
38,121,73,92.06197
38,122,72,91.31984
38,123,71,87.80662
38,124,70,92.09522
38,125,69,90.47195
38,126,68,95.58388
38,127,67,76.47826
38,128,66,86.73089
38,129,65,78.37974
38,130,64,73.29904
38,131,63,65.556725
38,132,62,67.27031
38,133,61,73.67627
38,134,60,71.92889
38,135,59,67.06544
38,136,58,63.808365
38,137,57,66.65947
38,138,56,58.27872
38,139,55,61.131447
38,140,54,66.48789
38,141,53,59.67099
38,142,52,63.79496
38,143,51,54.151222
38,144,50,48.97665
38,145,49,42.530243
38,146,48,44.0654
38,147,47,42.03921
38,148,46,37.029663
38,149,45,34.619526
38,150,44,37.466576
38,151,43,39.61541
38,152,42,36.380264
38,153,41,38.879395
38,154,40,40.66282
38,155,39,31.486988
38,156,38,29.27762
38,157,37,32.356865
38,158,36,27.12252
38,159,35,29.53984
38,160,34,34.44249
38,161,33,34.004208
38,162,32,28.350231
38,163,31,32.859398
38,164,30,34.075165
38,165,29,32.901085
38,166,28,29.361065
38,167,27,22.64358
38,168,26,25.07654
38,169,25,22.073523
38,170,24,23.066526
38,171,23,23.787737
38,172,22,22.405287
38,173,21,22.64159
38,174,20,18.481524
38,175,19,21.010868
38,176,18,15.633893
38,177,17,17.763271
38,178,16,16.389221
38,179,15,18.006134
38,180,14,11.401235
38,181,13,13.544773
38,182,12,11.875342
38,183,11,11.215911
38,184,10,10.954866
38,185,9,9.031529
38,186,8,9.934196
38,187,7,9.346768
38,188,6,7.718801
38,189,5,7.1076784
38,190,4,6.5001345
38,191,3,7.086341
38,192,2,1.8026878
38,193,1,1.8333079
38,194,0,0.49483734
52,1,125,121.75406
52,2,125,114.13952
52,3,125,115.95449
52,4,125,122.30181
52,5,125,117.593864
52,6,125,116.42138
52,7,125,119.090034
52,8,125,118.62774
52,9,125,115.34978
52,10,125,101.07461
52,11,125,106.51881
52,12,125,108.31365
52,13,125,114.34194
52,14,125,106.20535
52,15,125,100.73601
52,16,125,90.0728
52,17,125,97.563156
52,18,125,100.04388
52,19,125,99.59543
52,20,125,109.7958
52,21,125,115.19599
52,22,125,114.28493
52,23,125,117.58495
52,24,125,117.575325
52,25,125,123.404175
52,26,125,113.745735
52,27,125,113.70697
52,28,125,101.98022
52,29,125,99.74837
52,30,125,95.14267
52,31,125,88.195694
52,32,125,101.449005
52,33,125,97.696556
52,34,125,89.24166
52,35,125,102.7877
52,36,125,101.748375
52,37,125,105.32547
52,38,125,107.8249
52,39,125,120.67375
52,40,125,118.851295
52,41,125,119.72898
52,42,125,114.908295
52,43,125,112.596085
52,44,125,112.56409
52,45,125,105.14718
52,46,125,111.398796
52,47,125,106.32711
52,48,125,104.71996
52,49,125,105.271416
52,50,125,110.65485
52,51,125,112.58114
52,52,125,113.3258
52,53,125,118.75677
52,54,125,118.82367
52,55,125,118.29004
52,56,125,109.8739
52,57,125,114.64913
52,58,125,114.26365
52,59,125,116.01184
52,60,125,121.93684
52,61,125,120.989586
52,62,125,119.53689
52,63,125,106.73284
52,64,125,109.15407
52,65,125,109.429825
52,66,125,104.432755
52,67,125,105.280815
52,68,125,103.12877
52,69,125,100.45618
52,70,125,99.53498
52,71,125,99.75691
52,72,125,109.56973
52,73,125,105.00065
52,74,125,113.20309
52,75,125,113.61321
52,76,125,117.38153
52,77,125,118.77225
52,78,125,121.51515
52,79,125,123.818146
52,80,125,120.47348
52,81,125,117.557076
52,82,125,119.52926
52,83,125,122.472206
52,84,125,115.1567
52,85,125,114.20118
52,86,125,116.89409
52,87,125,111.11278
52,88,125,92.09254
52,89,124,102.74552
52,90,123,105.29386
52,91,122,108.73957
52,92,121,110.22956
52,93,120,109.97426
52,94,119,112.78349
52,95,118,113.98918
52,96,117,107.33927
52,97,116,106.42721
52,98,115,109.26469
52,99,114,107.21376
52,100,113,115.50688
52,101,112,118.91029
52,102,111,113.37315
52,103,110,121.7344
52,104,109,116.96184
52,105,108,121.26358
52,106,107,113.979355
52,107,106,119.07891
52,108,105,109.69856
52,109,104,106.34446
52,110,103,111.08784
52,111,102,111.31273
52,112,101,115.43063
52,113,100,119.79292
52,114,99,122.08571
52,115,98,120.03968
52,116,97,121.413795
52,117,96,116.349205
52,118,95,112.89798
52,119,94,114.14204
52,120,93,113.58168
52,121,92,104.607475
52,122,91,109.61752
52,123,90,109.59136
52,124,89,94.81825
52,125,88,100.25421
52,126,87,108.38189
52,127,86,109.390175
52,128,85,109.38018
52,129,84,108.591125
52,130,83,101.84981
52,131,82,98.90014
52,132,81,100.758705
52,133,80,102.480255
52,134,79,106.06412
52,135,78,101.035995
52,136,77,89.900406
52,137,76,87.847046
52,138,75,91.08735
52,139,74,94.431175
52,140,73,103.36603
52,141,72,91.75659
52,142,71,91.31296
52,143,70,83.96204
52,144,69,77.18673
52,145,68,81.005806
52,146,67,84.772484
52,147,66,75.14907
52,148,65,92.3918
52,149,64,85.26576
52,150,63,80.956665
52,151,62,72.24167
52,152,61,74.73601
52,153,60,68.67396
52,154,59,64.988464
52,155,58,60.372307
52,156,57,63.865593
52,157,56,51.50577
52,158,55,56.159588
52,159,54,62.67349
52,160,53,58.461983
52,161,52,53.970173
52,162,51,52.4205
52,163,50,52.327415
52,164,49,56.20128
52,165,48,53.148487
52,166,47,49.68912
52,167,46,46.11497
52,168,45,48.454624
52,169,44,48.066605
52,170,43,40.99599
52,171,42,39.404152
52,172,41,36.69529
52,173,40,37.844425
52,174,39,45.469166
52,175,38,37.82364
52,176,37,33.577568
52,177,36,29.966818
52,178,35,30.180693
52,179,34,29.98735
52,180,33,23.66413
52,181,32,26.499762
52,182,31,27.663134
52,183,30,27.661825
52,184,29,27.159048
52,185,28,26.917048
52,186,27,22.211645
52,187,26,15.253411
52,188,25,16.60073
52,189,24,16.639006
52,190,23,16.793682
52,191,22,17.161499
52,192,21,17.06291
52,193,20,18.351328
52,194,19,16.338465
52,195,18,16.465834
52,196,17,15.160466
52,197,16,15.321966
52,198,15,12.074826
52,199,14,11.339332
52,200,13,10.999046
52,201,12,10.15416
52,202,11,6.6803746
52,203,10,5.3059063
52,204,9,5.5842533
52,205,8,6.1680026
52,206,7,5.739965
52,207,6,3.5510445
52,208,5,3.4923275
52,209,4,1.618242
52,210,3,2.205735
52,211,2,2.3189445
52,212,1,3.5203412
52,213,0,3.1884031
53,1,125,107.56466
53,2,125,119.18363
53,3,125,108.126015
53,4,125,108.06563
53,5,125,115.62695
53,6,125,117.24134
53,7,125,117.454445
53,8,125,122.59385
53,9,125,121.99505
53,10,125,120.621284
53,11,125,118.3462
53,12,125,121.5504
53,13,125,116.947395
53,14,125,114.71103
53,15,125,114.77056
53,16,125,116.83758
53,17,125,114.16306
53,18,125,115.203964
53,19,125,113.90387
53,20,125,115.578636
53,21,125,116.93258
53,22,125,115.45585
53,23,125,114.63063
53,24,125,111.321335
53,25,125,114.709435
53,26,125,107.42969
53,27,125,111.02528
53,28,125,111.01035
53,29,125,114.78252
53,30,125,111.87671
53,31,125,113.15744
53,32,125,113.54405
53,33,125,113.051834
53,34,125,113.43657
53,35,125,115.051544
53,36,125,114.13011
53,37,125,120.24295
53,38,125,116.564125
53,39,125,112.09028
53,40,125,115.700455
53,41,125,118.80751
53,42,125,120.835434
53,43,125,119.246284
53,44,125,125.94153
53,45,125,118.31359
53,46,125,120.12926
53,47,125,118.258514
53,48,125,118.50228
53,49,125,119.31047
53,50,125,118.668076
53,51,125,115.75562
53,52,125,112.59017
53,53,125,112.9672
53,54,125,114.778244
53,55,125,108.86346
53,56,125,108.00864
53,57,125,105.3415
53,58,125,114.36741
53,59,125,113.73559
53,60,125,108.89651
53,61,125,115.38226
53,62,125,104.8764
53,63,125,106.2354
53,64,125,109.842285
53,65,125,111.507225
53,66,125,105.28121
53,67,125,117.13845
53,68,125,121.25716
53,69,125,117.825386
53,70,125,114.93783
53,71,124,114.55097
53,72,123,106.61288
53,73,122,100.55875
53,74,121,99.22448
53,75,120,107.21095
53,76,119,104.71283
53,77,118,97.86513
53,78,117,99.96918
53,79,116,108.6814
53,80,115,106.41522
53,81,114,109.710686
53,82,113,110.11503
53,83,112,101.58848
53,84,111,102.12818
53,85,110,104.41942
53,86,109,99.126755
53,87,108,104.39003
53,88,107,102.71704
53,89,106,94.827095
53,90,105,81.48641
53,91,104,93.14577
53,92,103,76.75684
53,93,102,87.61111
53,94,101,93.18188
53,95,100,106.95887
53,96,99,85.720116
53,97,98,96.39412
53,98,97,100.75139
53,99,96,97.482925
53,100,95,98.25031
53,101,94,97.74038
53,102,93,99.21471
53,103,92,89.68334
53,104,91,84.363846
53,105,90,84.646484
53,106,89,86.52115
53,107,88,83.48543
53,108,87,75.29392
53,109,86,83.41343
53,110,85,77.77985
53,111,84,84.44922
53,112,83,80.3138
53,113,82,73.62587
53,114,81,58.67776
53,115,80,69.180504
53,116,79,70.345665
53,117,78,65.45293
53,118,77,71.96066
53,119,76,79.71114
53,120,75,86.30705
53,121,74,72.05212
53,122,73,71.2521
53,123,72,63.60275
53,124,71,57.272026
53,125,70,49.904865
53,126,69,54.50502
53,127,68,59.730267
53,128,67,54.580555
53,129,66,56.369232
53,130,65,55.003002
53,131,64,55.281475
53,132,63,56.867867
53,133,62,58.03534
53,134,61,49.931118
53,135,60,48.29563
53,136,59,47.0506
53,137,58,50.035774
53,138,57,47.063595
53,139,56,54.619473
53,140,55,49.91901
53,141,54,52.992744
53,142,53,47.664093
53,143,52,47.018646
53,144,51,50.215187
53,145,50,51.269714
53,146,49,47.213566
53,147,48,47.749382
53,148,47,44.56557
53,149,46,50.020313
53,150,45,44.666794
53,151,44,42.99964
53,152,43,43.001194
53,153,42,42.712666
53,154,41,42.919865
53,155,40,40.85616
53,156,39,40.302025
53,157,38,37.61115
53,158,37,44.696606
53,159,36,38.321297
53,160,35,38.733707
53,161,34,37.387115
53,162,33,33.685238
53,163,32,32.92236
53,164,31,31.782341
53,165,30,35.971813
53,166,29,31.144918
53,167,28,32.54149
53,168,27,26.265793
53,169,26,24.591341
53,170,25,22.251213
53,171,24,20.982718
53,172,23,19.142519
53,173,22,20.773449
53,174,21,19.213871
53,175,20,18.35563
53,176,19,20.914919
53,177,18,19.57786
53,178,17,15.6943
53,179,16,18.479233
53,180,15,17.772785
53,181,14,16.71585
53,182,13,15.674469
53,183,12,12.387721
53,184,11,12.151734
53,185,10,11.433735
53,186,9,12.819461
53,187,8,11.616047
53,188,7,10.60918
53,189,6,6.2895126
53,190,5,5.137442
53,191,4,4.55523
53,192,3,3.583637
53,193,2,1.8350823
53,194,1,2.577866
53,195,0,1.8715205
61,1,125,128.10803
61,2,125,119.57588
61,3,125,125.01214
61,4,125,127.74614
61,5,125,124.05856
61,6,125,121.47682
61,7,125,119.08026
61,8,125,118.75112
61,9,125,117.42453
61,10,125,120.573654
61,11,125,124.12002
61,12,125,122.66227
61,13,125,123.85284
61,14,125,123.33866
61,15,125,124.87615
61,16,125,124.916084
61,17,125,125.52833
61,18,125,124.44424
61,19,125,124.91998
61,20,125,122.94843
61,21,125,124.56939
61,22,125,125.465996
61,23,125,126.15339
61,24,125,126.83159
61,25,125,126.34802
61,26,125,126.99469
61,27,125,125.45712
61,28,125,125.27491
61,29,125,124.36454
61,30,125,125.29574
61,31,125,123.87858
61,32,125,124.38505
61,33,125,125.47452
61,34,125,125.38252
61,35,125,123.420456
61,36,125,125.2317
61,37,125,124.555244
61,38,125,126.09534
61,39,125,124.96759
61,40,125,125.66904
61,41,125,125.4296
61,42,125,123.916275
61,43,125,125.57282
61,44,125,124.706184
61,45,125,125.54947
61,46,125,124.859406
61,47,125,124.371346
61,48,125,122.026215
61,49,125,124.10049
61,50,125,124.049355
61,51,125,123.398384
61,52,125,123.60743
61,53,125,123.63985
61,54,125,124.44394
61,55,125,124.23066
61,56,125,122.73893
61,57,125,123.30496
61,58,125,123.71528
61,59,125,122.499214
61,60,125,124.41269
61,61,124,120.775055
61,62,123,125.12645
61,63,122,123.38987
61,64,121,123.47055
61,65,120,123.50852
61,66,119,124.585434
61,67,118,123.7459
61,68,117,124.45636
61,69,116,125.32003
61,70,115,124.41187
61,71,114,123.12681
61,72,113,123.075356
61,73,112,123.18198
61,74,111,123.04095
61,75,110,122.93531
61,76,109,120.99825
61,77,108,122.32435
61,78,107,120.93825
61,79,106,122.50152
61,80,105,121.90816
61,81,104,122.43256
61,82,103,122.66127
61,83,102,123.18828
61,84,101,121.62843
61,85,100,122.58791
61,86,99,122.17925
61,87,98,121.88699
61,88,97,123.47363
61,89,96,121.47442
61,90,95,122.47186
61,91,94,121.297615
61,92,93,124.05883
61,93,92,123.149734
61,94,91,123.224396
61,95,90,124.10142
61,96,89,124.47053
61,97,88,121.17393
61,98,87,124.26463
61,99,86,124.538284
61,100,85,123.3961
61,101,84,122.77678
61,102,83,121.90306
61,103,82,120.94194
61,104,81,120.75612
61,105,80,120.43607
61,106,79,118.72434
61,107,78,120.85789
61,108,77,120.42232
61,109,76,120.82186
61,110,75,122.452896
61,111,74,119.541885
61,112,73,118.533
61,113,72,116.40121
61,114,71,114.96644
61,115,70,109.870155
61,116,69,113.162285
61,117,68,107.73195
61,118,67,113.4249
61,119,66,106.125854
61,120,65,105.72563
61,121,64,104.986595
61,122,63,108.4661
61,123,62,113.727425
61,124,61,117.73563
61,125,60,109.85237
61,126,59,110.69966
61,127,58,112.63009
61,128,57,113.60557
61,129,56,104.570816
61,130,55,111.690056
61,131,54,107.35784
61,132,53,111.09483
61,133,52,116.11226
61,134,51,109.990776
61,135,50,111.36876
61,136,49,109.319565
61,137,48,108.386345
61,138,47,108.40134
61,139,46,89.67644
61,140,45,114.98242
61,141,44,105.196526
61,142,43,103.053246
61,143,42,109.3984
61,144,41,114.03337
61,145,40,121.5803
61,146,39,115.330246
61,147,38,114.857666
61,148,37,114.712654
61,149,36,117.047966
61,150,35,111.01436
61,151,34,115.52828
61,152,33,101.419556
61,153,32,96.49583
61,154,31,98.35279
61,155,30,90.580315
61,156,29,77.03673
61,157,28,59.879105
61,158,27,71.44579
61,159,26,63.2889
61,160,25,46.719246
61,161,24,45.400906
61,162,23,42.549587
61,163,22,50.372177
61,164,21,50.04022
61,165,20,48.66295
61,166,19,40.54042
61,167,18,34.138367
61,168,17,26.183681
61,169,16,22.63436
61,170,15,31.124947
61,171,14,24.290094
61,172,13,21.145956
61,173,12,21.76695
61,174,11,16.29325
61,175,10,13.60187
61,176,9,10.441761
61,177,8,6.4813347
61,178,7,11.187604
61,179,6,6.4202595
61,180,5,7.554172
61,181,4,10.711492
61,182,3,5.852019
61,183,2,5.5213194
61,184,1,-0.06782502
61,185,0,0.93706155
64,1,125,120.608444
64,2,125,114.315186
64,3,125,100.054825
64,4,125,108.468
64,5,125,115.00293
64,6,125,109.3383
64,7,125,109.133934
64,8,125,110.39391
64,9,125,112.53114
64,10,125,106.16481
64,11,125,109.82483
64,12,125,116.72739
64,13,125,112.584465
64,14,125,114.60938
64,15,125,113.85553
64,16,125,118.214905
64,17,125,119.41197
64,18,125,120.74291
64,19,125,124.46924
64,20,125,116.608505
64,21,125,110.32942
64,22,125,112.11057
64,23,125,117.954735
64,24,125,115.79279
64,25,125,118.231804
64,26,125,113.45616
64,27,125,117.59907
64,28,125,120.43392
64,29,125,117.58439
64,30,125,119.22626
64,31,125,121.88521
64,32,125,119.32279
64,33,125,120.60411
64,34,125,120.04512
64,35,125,118.7571
64,36,125,117.77859
64,37,125,116.71368
64,38,125,115.31765
64,39,125,111.30565
64,40,125,113.405334
64,41,125,117.453064
64,42,125,113.06886
64,43,125,110.44441
64,44,125,108.52649
64,45,125,113.18502
64,46,125,115.52917
64,47,125,116.13637
64,48,125,117.742294
64,49,125,116.33349
64,50,125,114.87334
64,51,125,116.471596
64,52,125,117.083435
64,53,125,111.09471
64,54,125,106.575554
64,55,125,111.044014
64,56,125,112.27299
64,57,125,114.28863
64,58,125,114.29553
64,59,125,118.968056
64,60,125,119.23007
64,61,125,112.152504
64,62,125,115.04579
64,63,125,116.1781
64,64,125,113.25027
64,65,125,115.114685
64,66,125,118.15062
64,67,125,115.573326
64,68,125,113.80611
64,69,125,114.273056
64,70,125,112.04386
64,71,125,112.56077
64,72,125,106.478714
64,73,125,110.4403
64,74,125,111.64101
64,75,125,114.05729
64,76,125,108.14053
64,77,125,111.02696
64,78,125,114.406944
64,79,125,112.146484
64,80,125,110.96605
64,81,125,110.04257
64,82,125,111.48118
64,83,125,113.5255
64,84,125,111.17993
64,85,125,114.373665
64,86,125,110.89426
64,87,125,115.16666
64,88,125,111.417
64,89,125,112.35721
64,90,125,108.72594
64,91,125,114.77408
64,92,125,114.9054
64,93,125,113.616974
64,94,125,114.19484
64,95,125,114.58083
64,96,125,111.94117
64,97,125,115.75623
64,98,125,112.20047
64,99,125,111.2628
64,100,125,114.17487
64,101,125,115.432884
64,102,125,116.00997
64,103,125,108.53113
64,104,125,111.83128
64,105,125,113.48127
64,106,125,109.66576
64,107,125,111.80353
64,108,125,107.85347
64,109,125,114.06267
64,110,125,111.38433
64,111,125,113.05886
64,112,125,118.90967
64,113,125,112.162125
64,114,125,119.43853
64,115,125,112.99719
64,116,125,113.35422
64,117,125,110.956696
64,118,125,106.31921
64,119,125,107.403076
64,120,125,100.12482
64,121,125,102.47542
64,122,125,107.43051
64,123,125,105.69125
64,124,125,113.35653
64,125,125,108.5823
64,126,125,96.75067
64,127,125,100.68414
64,128,125,107.41881
64,129,125,99.339516
64,130,125,102.48568
64,131,125,102.96183
64,132,125,102.81158
64,133,125,101.67057
64,134,125,99.64135
64,135,125,88.03862
64,136,125,97.873955
64,137,125,110.53096
64,138,125,106.08517
64,139,125,94.81142
64,140,125,95.76955
64,141,125,107.48804
64,142,125,103.83669
64,143,125,108.95074
64,144,125,104.13513
64,145,125,108.1366
64,146,125,106.76734
64,147,125,105.56477
64,148,125,101.86802
64,149,125,111.82601
64,150,125,111.265976
64,151,125,106.557175
64,152,125,108.12484
64,153,125,97.85724
64,154,125,95.067245
64,155,125,91.47251
64,156,125,92.47762
64,157,125,87.87418
64,158,125,83.33686
64,159,124,88.06629
64,160,123,90.286026
64,161,122,88.86817
64,162,121,88.16992
64,163,120,93.88557
64,164,119,92.15865
64,165,118,91.66623
64,166,117,87.27045
64,167,116,92.026085
64,168,115,96.0454
64,169,114,85.27272
64,170,113,84.06562
64,171,112,83.083534
64,172,111,75.40995
64,173,110,68.250435
64,174,109,71.94368
64,175,108,79.015045
64,176,107,76.17477
64,177,106,73.70366
64,178,105,82.7248
64,179,104,76.78898
64,180,103,76.08885
64,181,102,77.16051
64,182,101,89.2258
64,183,100,92.161995
64,184,99,87.832504
64,185,98,86.824135
64,186,97,73.39926
64,187,96,75.05298
64,188,95,76.0873
64,189,94,80.26309
64,190,93,86.04291
64,191,92,82.63974
64,192,91,72.64616
64,193,90,65.697754
64,194,89,67.74898
64,195,88,58.518322
64,196,87,56.201782
64,197,86,57.892574
64,198,85,63.67302
64,199,84,59.218876
64,200,83,59.93025
64,201,82,56.64552
64,202,81,52.72078
64,203,80,63.30159
64,204,79,56.18716
64,205,78,56.231506
64,206,77,58.780098
64,207,76,60.668415
64,208,75,53.317265
64,209,74,46.13834
64,210,73,49.951366
64,211,72,48.525913
64,212,71,53.282707
64,213,70,49.415
64,214,69,48.475517
64,215,68,50.865017
64,216,67,56.177868
64,217,66,48.027508
64,218,65,58.139133
64,219,64,50.421722
64,220,63,44.94617
64,221,62,45.649216
64,222,61,48.00776
64,223,60,46.617905
64,224,59,46.26232
64,225,58,39.93338
64,226,57,40.313225
64,227,56,39.447807
64,228,55,41.32739
64,229,54,41.39636
64,230,53,42.27799
64,231,52,41.32194
64,232,51,39.43446
64,233,50,35.344864
64,234,49,32.819607
64,235,48,35.966488
64,236,47,35.15309
64,237,46,29.038193
64,238,45,29.266203
64,239,44,37.605152
64,240,43,23.769432
64,241,42,26.456312
64,242,41,27.175083
64,243,40,30.048813
64,244,39,25.997345
64,245,38,29.29708
64,246,37,27.438284
64,247,36,30.25258
64,248,35,19.146963
64,249,34,22.658195
64,250,33,26.210394
64,251,32,28.07541
64,252,31,23.727057
64,253,30,25.99493
64,254,29,25.975983
64,255,28,18.621964
64,256,27,14.311879
64,257,26,13.872297
64,258,25,16.129337
64,259,24,12.707435
64,260,23,12.931167
64,261,22,7.160149
64,262,21,16.66055
64,263,20,16.021805
64,264,19,8.846167
64,265,18,16.354708
64,266,17,9.388577
64,267,16,9.079317
64,268,15,8.897996
64,269,14,8.307444
64,270,13,6.722131
64,271,12,0.25269222
64,272,11,3.7681887
64,273,10,5.4588814
64,274,9,3.735434
64,275,8,4.6652575
64,276,7,5.9417787
64,277,6,4.0659056
64,278,5,4.676863
64,279,4,3.1210415
64,280,3,2.928367
64,281,2,2.483516
64,282,1,2.0203087
64,283,0,1.0254381
72,1,125,128.62129
72,2,125,93.95643
72,3,125,98.24002
72,4,125,105.54601
72,5,125,109.070305
72,6,125,103.33792
72,7,125,111.13224
72,8,125,108.82105
72,9,125,124.88329
72,10,125,117.84355
72,11,125,118.61186
72,12,125,115.01454
72,13,125,112.72864
72,14,125,122.12508
72,15,125,118.40746
72,16,125,117.01909
72,17,125,108.335976
72,18,125,120.39669
72,19,125,112.19362
72,20,125,119.83598
72,21,125,122.04188
72,22,125,124.130104
72,23,125,124.618706
72,24,125,122.62625
72,25,125,123.369865
72,26,125,122.68189
72,27,125,125.01445
72,28,125,123.98265
72,29,125,120.83552
72,30,125,123.15593
72,31,125,115.40345
72,32,125,116.59969
72,33,125,117.71962
72,34,125,116.70872
72,35,125,120.483154
72,36,125,117.43355
72,37,125,120.57096
72,38,125,118.95163
72,39,125,118.80181
72,40,125,122.519936
72,41,125,119.25332
72,42,125,118.51615
72,43,125,122.988205
72,44,125,119.61434
72,45,125,120.43867
72,46,125,122.72484
72,47,125,126.130196
72,48,125,126.38592
72,49,125,127.11302
72,50,125,126.44753
72,51,125,126.1976
72,52,125,128.67242
72,53,125,131.62007
72,54,125,133.0772
72,55,125,127.77916
72,56,125,130.03706
72,57,125,115.49777
72,58,125,112.34348
72,59,125,106.94474
72,60,125,104.11115
72,61,125,102.32456
72,62,125,113.06102
72,63,125,103.37606
72,64,125,106.87655
72,65,125,117.13649
72,66,125,113.18959
72,67,125,112.48448
72,68,125,114.11766
72,69,125,119.35158
72,70,125,123.441284
72,71,125,126.891365
72,72,125,124.65695
72,73,125,113.16957
72,74,125,106.32962
72,75,125,106.999245
72,76,125,113.01079
72,77,125,113.09476
72,78,125,117.09675
72,79,125,115.699554
72,80,125,111.22329
72,81,125,112.994736
72,82,125,119.20501
72,83,125,116.23197
72,84,125,113.5382
72,85,125,110.794754
72,86,125,109.913124
72,87,125,110.15499
72,88,125,116.868164
72,89,124,129.60985
72,90,123,128.91951
72,91,122,127.73967
72,92,121,117.7696
72,93,120,120.78121
72,94,119,112.677315
72,95,118,117.24792
72,96,117,110.98065
72,97,116,114.885
72,98,115,112.94555
72,99,114,118.50223
72,100,113,116.62539
72,101,112,121.47735
72,102,111,122.04277
72,103,110,119.78688
72,104,109,112.49685
72,105,108,113.39609
72,106,107,106.19939
72,107,106,112.87098
72,108,105,112.02416
72,109,104,110.64666
72,110,103,118.34534
72,111,102,119.63092
72,112,101,120.250656
72,113,100,123.215
72,114,99,119.84294
72,115,98,121.15748
72,116,97,123.86207
72,117,96,128.46576
72,118,95,128.20334
72,119,94,116.251854
72,120,93,114.96907
72,121,92,119.18329
72,122,91,118.86533
72,123,90,121.04916
72,124,89,119.52082
72,125,88,124.109
72,126,87,117.46695
72,127,86,113.61939
72,128,85,117.70392
72,129,84,117.41904
72,130,83,117.59215
72,131,82,120.256836
72,132,81,118.81461
72,133,80,116.376144
72,134,79,113.72346
72,135,78,114.18229
72,136,77,117.81199
72,137,76,111.76475
72,138,75,115.720085
72,139,74,120.9962
72,140,73,107.649086
72,141,72,105.16884
72,142,71,99.2993
72,143,70,101.51728
72,144,69,109.64086
72,145,68,109.66423
72,146,67,108.849464
72,147,66,103.49231
72,148,65,112.43985
72,149,64,120.915695
72,150,63,116.02261
72,151,62,115.485535
72,152,61,119.10894
72,153,60,121.84015
72,154,59,112.769485
72,155,58,98.01349
72,156,57,98.67638
72,157,56,84.73938
72,158,55,95.546486
72,159,54,95.89003
72,160,53,101.42046
72,161,52,101.9552
72,162,51,92.29655
72,163,50,80.277794
72,164,49,68.21621
72,165,48,58.51073
72,166,47,62.660107
72,167,46,54.37072
72,168,45,43.03168
72,169,44,51.1879
72,170,43,43.157112
72,171,42,53.471294
72,172,41,45.83674
72,173,40,49.286793
72,174,39,45.989437
72,175,38,46.077118
72,176,37,44.134644
72,177,36,28.732107
72,178,35,30.134462
72,179,34,28.891514
72,180,33,31.027054
72,181,32,29.288706
72,182,31,35.5776
72,183,30,39.71851
72,184,29,34.263294
72,185,28,29.006405
72,186,27,28.78887
72,187,26,32.479706
72,188,25,32.89185
72,189,24,27.591967
72,190,23,32.40847
72,191,22,26.454046
72,192,21,26.486416
72,193,20,24.51245
72,194,19,24.016012
72,195,18,18.603039
72,196,17,16.514492
72,197,16,12.313041
72,198,15,11.641185
72,199,14,10.60372
72,200,13,11.504284
72,201,12,14.029598
72,202,11,13.8002405
72,203,10,7.499747
72,204,9,8.464741
72,205,8,9.168313
72,206,7,9.445941
72,207,6,2.0367396
72,208,5,4.147627
72,209,4,2.4805753
72,210,3,1.058574
72,211,2,-0.09325953
72,212,1,-2.0057456
72,213,0,2.1089182
75,1,125,125.85656
75,2,125,119.54911
75,3,125,123.99014
75,4,125,118.6068
75,5,125,122.16614
75,6,125,113.284325
75,7,125,106.54551
75,8,125,106.977516
75,9,125,120.11212
75,10,125,116.024
75,11,125,115.86526
75,12,125,109.14867
75,13,125,114.577324
75,14,125,115.10762
75,15,125,106.805534
75,16,125,111.131386
75,17,125,114.36285
75,18,125,117.369286
75,19,125,111.478874
75,20,125,111.27456
75,21,125,105.81552
75,22,125,107.48671
75,23,125,116.87662
75,24,125,120.89922
75,25,125,118.644424
75,26,125,118.64473
75,27,125,127.70359
75,28,125,120.49485
75,29,125,123.78199
75,30,125,125.63699
75,31,125,121.23038
75,32,125,119.951225
75,33,125,116.1381
75,34,125,118.85147
75,35,125,115.01727
75,36,125,112.71751
75,37,125,122.8633
75,38,125,126.606514
75,39,125,125.53621
75,40,125,127.68837
75,41,125,117.84725
75,42,125,119.579216
75,43,125,125.00866
75,44,125,122.407455
75,45,125,120.155365
75,46,125,113.014725
75,47,125,121.779884
75,48,125,122.39812
75,49,125,125.49648
75,50,125,120.10196
75,51,125,128.20985
75,52,125,115.87087
75,53,125,118.98802
75,54,125,118.20543
75,55,125,118.925896
75,56,125,120.593094
75,57,125,124.53688
75,58,125,120.03191
75,59,125,124.71711
75,60,125,122.00194
75,61,125,123.779785
75,62,125,120.32236
75,63,125,126.86282
75,64,125,126.507034
75,65,125,128.37856
75,66,125,121.44452
75,67,125,124.95268
75,68,125,119.3451
75,69,125,127.659164
75,70,125,122.28728
75,71,125,117.184944
75,72,125,119.27159
75,73,125,118.35822
75,74,125,117.45972
75,75,125,117.93186
75,76,125,115.3201
75,77,125,107.04858
75,78,125,120.88266
75,79,125,108.97513
75,80,125,108.76176
75,81,125,116.42674
75,82,125,108.7424
75,83,125,105.71075
75,84,125,108.35522
75,85,125,106.57976
75,86,125,113.18841
75,87,125,116.92484
75,88,125,117.568756
75,89,125,113.08327
75,90,125,114.18909
75,91,125,114.95211
75,92,125,120.89526
75,93,125,119.45269
75,94,125,118.528534
75,95,125,116.32173
75,96,125,121.452805
75,97,125,124.06021
75,98,125,127.67268
75,99,125,117.55965
75,100,125,116.403305
75,101,125,112.69614
75,102,125,114.953835
75,103,125,110.69157
75,104,125,111.93475
75,105,124,108.17005
75,106,123,104.03326
75,107,122,106.742676
75,108,121,115.212654
75,109,120,110.879005
75,110,119,109.94565
75,111,118,114.485985
75,112,117,115.97262
75,113,116,109.00683
75,114,115,112.8655
75,115,114,115.32682
75,116,113,99.17731
75,117,112,94.49088
75,118,111,94.95722
75,119,110,100.40077
75,120,109,104.49751
75,121,108,108.7465
75,122,107,109.31131
75,123,106,108.84449
75,124,105,118.60851
75,125,104,114.092804
75,126,103,119.88671
75,127,102,114.97276
75,128,101,115.543785
75,129,100,117.54057
75,130,99,86.27636
75,131,98,92.584045
75,132,97,100.005104
75,133,96,97.49581
75,134,95,91.62377
75,135,94,92.106186
75,136,93,88.04387
75,137,92,94.735634
75,138,91,78.36263
75,139,90,89.376144
75,140,89,88.40849
75,141,88,71.96214
75,142,87,59.551525
75,143,86,59.786587
75,144,85,64.80832
75,145,84,80.72797
75,146,83,81.003494
75,147,82,88.16724
75,148,81,70.21626
75,149,80,66.07586
75,150,79,62.559685
75,151,78,75.69652
75,152,77,55.12731
75,153,76,62.780552
75,154,75,61.313713
75,155,74,67.09153
75,156,73,58.76235
75,157,72,59.16673
75,158,71,65.125824
75,159,70,75.031166
75,160,69,76.36646
75,161,68,64.857796
75,162,67,56.256416
75,163,66,54.975376
75,164,65,53.52218
75,165,64,55.25796
75,166,63,63.675823
75,167,62,61.544094
75,168,61,57.386272
75,169,60,45.0633
75,170,59,56.798195
75,171,58,44.764915
75,172,57,40.841877
75,173,56,40.99777
75,174,55,50.006676
75,175,54,43.756824
75,176,53,37.220253
75,177,52,35.962727
75,178,51,36.29827
75,179,50,30.24766
75,180,49,25.918167
75,181,48,28.443867
75,182,47,29.274572
75,183,46,32.05718
75,184,45,32.545918
75,185,44,33.03609
75,186,43,32.973255
75,187,42,38.712597
75,188,41,38.057648
75,189,40,33.634087
75,190,39,31.306858
75,191,38,29.596634
75,192,37,27.734486
75,193,36,24.726227
75,194,35,25.27233
75,195,34,23.897675
75,196,33,28.65257
75,197,32,24.821398
75,198,31,21.136108
75,199,30,23.785458
75,200,29,23.732973
75,201,28,19.225258
75,202,27,19.746592
75,203,26,18.596346
75,204,25,17.114628
75,205,24,15.750619
75,206,23,13.253512
75,207,22,14.049698
75,208,21,10.319367
75,209,20,12.165423
75,210,19,9.471785
75,211,18,9.088276
75,212,17,7.475083
75,213,16,10.663838
75,214,15,10.923519
75,215,14,11.093338
75,216,13,14.043182
75,217,12,9.938035
75,218,11,10.338444
75,219,10,8.042172
75,220,9,8.614475
75,221,8,7.1248775
75,222,7,5.8032312
75,223,6,5.8622255
75,224,5,2.340729
75,225,4,1.2891024
75,226,3,1.834642
75,227,2,1.5193214
75,228,1,0.43631458
75,229,0,0.51822346
83,1,125,125.72714
83,2,125,121.07141
83,3,125,123.14248
83,4,125,123.77158
83,5,125,123.136986
83,6,125,124.3651
83,7,125,125.334816
83,8,125,124.923584
83,9,125,126.02623
83,10,125,125.20559
83,11,125,125.21915
83,12,125,124.27237
83,13,125,125.10713
83,14,125,124.95884
83,15,125,125.26133
83,16,125,124.64049
83,17,125,125.35668
83,18,125,125.27622
83,19,125,125.4963
83,20,125,125.19464
83,21,125,124.77438
83,22,125,126.31289
83,23,125,128.06256
83,24,125,126.629265
83,25,125,125.86503
83,26,125,123.57913
83,27,125,124.14711
83,28,125,124.755424
83,29,125,125.90275
83,30,125,126.13199
83,31,125,124.25789
83,32,125,125.23775
83,33,125,123.68685
83,34,125,123.80551
83,35,125,125.05221
83,36,125,124.59151
83,37,125,125.09428
83,38,125,126.88278
83,39,125,126.44397
83,40,125,126.45732
83,41,125,124.70963
83,42,125,126.49928
83,43,125,125.4052
83,44,125,125.2416
83,45,125,124.98112
83,46,125,124.46783
83,47,125,124.550125
83,48,125,125.41935
83,49,125,125.83444
83,50,125,125.71932
83,51,125,125.61381
83,52,125,125.92343
83,53,125,125.75368
83,54,125,126.954346
83,55,125,126.476074
83,56,125,126.35804
83,57,125,126.180595
83,58,125,125.50021
83,59,125,123.3955
83,60,125,124.41233
83,61,125,124.512375
83,62,125,126.37572
83,63,125,125.63615
83,64,125,126.26112
83,65,125,125.438416
83,66,125,126.93513
83,67,125,123.64368
83,68,125,123.73575
83,69,125,124.698326
83,70,125,124.082924
83,71,125,125.40032
83,72,125,124.21285
83,73,125,125.17552
83,74,125,124.8179
83,75,125,124.6578
83,76,125,124.27333
83,77,125,124.54353
83,78,125,123.65472
83,79,125,124.96418
83,80,125,123.8043
83,81,125,124.18861
83,82,125,124.39415
83,83,125,126.08104
83,84,125,123.9251
83,85,125,124.9278
83,86,125,122.71186
83,87,125,122.918564
83,88,125,122.426414
83,89,125,124.00471
83,90,125,122.735916
83,91,125,119.520676
83,92,125,123.43517
83,93,125,120.83172
83,94,125,123.46911
83,95,125,121.81204
83,96,125,123.54543
83,97,125,124.52913
83,98,125,124.67779
83,99,125,123.84128
83,100,125,121.884865
83,101,125,122.784935
83,102,125,124.83214
83,103,125,122.34176
83,104,125,122.3884
83,105,125,120.76736
83,106,125,121.5608
83,107,125,126.17729
83,108,125,126.87769
83,109,125,126.27875
83,110,125,125.62992
83,111,125,125.246056
83,112,125,124.841225
83,113,125,124.48359
83,114,125,124.57604
83,115,125,124.289764
83,116,125,123.150055
83,117,125,121.802895
83,118,125,120.50625
83,119,125,121.465355
83,120,125,122.21461
83,121,125,121.35866
83,122,125,121.65722
83,123,125,120.79197
83,124,125,119.57259
83,125,125,120.39618
83,126,125,119.27579
83,127,125,122.05822
83,128,125,119.79295
83,129,125,119.86667
83,130,125,120.76718
83,131,125,120.88428
83,132,125,119.32567
83,133,125,122.12321
83,134,125,118.1774
83,135,125,112.51152
83,136,125,118.37457
83,137,125,120.53676
83,138,125,122.93073
83,139,125,123.1851
83,140,125,121.8582
83,141,125,124.38554
83,142,125,124.62067
83,143,125,122.59264
83,144,125,122.899
83,145,125,123.885864
83,146,125,120.24277
83,147,125,120.6822
83,148,125,116.34721
83,149,125,116.95596
83,150,125,117.55757
83,151,125,115.25535
83,152,125,112.19278
83,153,125,113.59361
83,154,125,114.4112
83,155,125,115.30283
83,156,125,116.33056
83,157,125,118.08361
83,158,125,110.69857
83,159,125,120.47922
83,160,125,119.326324
83,161,125,120.257744
83,162,125,114.51869
83,163,125,116.834694
83,164,125,114.36224
83,165,125,116.010315
83,166,125,111.775894
83,167,125,110.1079
83,168,125,113.54983
83,169,124,112.82199
83,170,123,114.30215
83,171,122,113.212776
83,172,121,115.85225
83,173,120,119.65071
83,174,119,119.19938
83,175,118,113.33226
83,176,117,112.96869
83,177,116,122.532455
83,178,115,120.581795
83,179,114,117.7022
83,180,113,116.70031
83,181,112,120.76431
83,182,111,124.565605
83,183,110,122.23932
83,184,109,122.53164
83,185,108,120.399475
83,186,107,109.41156
83,187,106,110.70959
83,188,105,112.518364
83,189,104,118.72684
83,190,103,118.194176
83,191,102,108.23814
83,192,101,106.82893
83,193,100,115.69401
83,194,99,121.47731
83,195,98,116.16621
83,196,97,113.13844
83,197,96,115.86669
83,198,95,115.66833
83,199,94,110.70065
83,200,93,109.53103
83,201,92,105.58891
83,202,91,109.017075
83,203,90,104.925125
83,204,89,104.98632
83,205,88,97.08688
83,206,87,112.62808
83,207,86,114.384094
83,208,85,114.477264
83,209,84,113.70734
83,210,83,111.77492
83,211,82,112.99817
83,212,81,115.53882
83,213,80,111.58987
83,214,79,111.54979
83,215,78,108.41198
83,216,77,115.348816
83,217,76,111.241806
83,218,75,103.287636
83,219,74,114.97121
83,220,73,113.39712
83,221,72,108.01108
83,222,71,107.33141
83,223,70,108.51287
83,224,69,107.11022
83,225,68,99.9166
83,226,67,105.77966
83,227,66,100.27332
83,228,65,94.960365
83,229,64,95.36597
83,230,63,100.38887
83,231,62,97.278465
83,232,61,100.47365
83,233,60,108.387184
83,234,59,118.48663
83,235,58,116.13819
83,236,57,119.55726
83,237,56,113.183044
83,238,55,111.6851
83,239,54,104.25063
83,240,53,100.170975
83,241,52,90.85597
83,242,51,85.605446
83,243,50,92.35238
83,244,49,94.68086
83,245,48,93.04323
83,246,47,82.04828
83,247,46,74.739426
83,248,45,75.96283
83,249,44,62.744144
83,250,43,59.80444
83,251,42,63.819027
83,252,41,70.84316
83,253,40,60.671288
83,254,39,69.58026
83,255,38,65.42957
83,256,37,60.27902
83,257,36,63.528526
83,258,35,71.37176
83,259,34,74.0577
83,260,33,68.00087
83,261,32,53.126278
83,262,31,47.176167
83,263,30,32.308933
83,264,29,25.819397
83,265,28,28.520658
83,266,27,35.968674
83,267,26,30.944347
83,268,25,28.962173
83,269,24,26.28296
83,270,23,25.32766
83,271,22,24.960184
83,272,21,23.47756
83,273,20,24.709185
83,274,19,18.838793
83,275,18,21.262676
83,276,17,23.090246
83,277,16,26.773024
83,278,15,22.805653
83,279,14,21.901293
83,280,13,22.114069
83,281,12,11.130144
83,282,11,9.435223
83,283,10,6.8277597
83,284,9,7.161581
83,285,8,4.5343843
83,286,7,2.742605
83,287,6,1.5771023
83,288,5,3.1372612
83,289,4,4.376638
83,290,3,4.487674
83,291,2,2.4047604
83,292,1,0.90956056
83,293,0,0.5656937
85,1,125,126.64748
85,2,125,115.72118
85,3,125,98.446785
85,4,125,113.78473
85,5,125,110.16139
85,6,125,111.839935
85,7,125,110.82314
85,8,125,108.64803
85,9,125,100.43281
85,10,125,106.05833
85,11,125,104.10208
85,12,125,106.79922
85,13,125,107.62349
85,14,125,97.59489
85,15,125,105.25118
85,16,125,108.90812
85,17,125,104.4684
85,18,125,110.24005
85,19,125,108.23705
85,20,125,110.397865
85,21,125,110.791725
85,22,125,110.691536
85,23,125,109.56636
85,24,125,107.61471
85,25,125,111.73683
85,26,125,117.0951
85,27,125,113.4755
85,28,125,112.837425
85,29,125,116.85562
85,30,125,117.61543
85,31,125,112.59449
85,32,125,113.75741
85,33,125,115.276344
85,34,125,119.13781
85,35,125,119.57648
85,36,125,120.16462
85,37,125,113.4732
85,38,125,116.40721
85,39,125,122.81481
85,40,125,124.7313
85,41,125,124.232544
85,42,125,127.04183
85,43,125,120.85783
85,44,125,116.15811
85,45,125,105.52813
85,46,125,113.69505
85,47,125,111.04956
85,48,125,121.123474
85,49,125,108.66175
85,50,125,116.891884
85,51,125,111.965744
85,52,125,111.82751
85,53,125,108.31656
85,54,125,114.88112
85,55,125,111.11118
85,56,125,114.925186
85,57,125,108.43275
85,58,125,112.42899
85,59,125,116.71977
85,60,125,112.44858
85,61,125,112.66781
85,62,125,111.80465
85,63,125,117.36859
85,64,124,119.12533
85,65,123,115.032295
85,66,122,118.34004
85,67,121,119.239914
85,68,120,119.80607
85,69,119,113.68631
85,70,118,115.09036
85,71,117,115.98815
85,72,116,107.38648
85,73,115,112.56293
85,74,114,104.4254
85,75,113,104.99992
85,76,112,101.55409
85,77,111,96.468506
85,78,110,99.580475
85,79,109,105.6714
85,80,108,98.217094
85,81,107,90.13568
85,82,106,112.276825
85,83,105,106.672226
85,84,104,113.97618
85,85,103,117.33668
85,86,102,118.17657
85,87,101,111.881386
85,88,100,107.06249
85,89,99,108.4636
85,90,98,110.533745
85,91,97,111.38179
85,92,96,112.53082
85,93,95,108.914314
85,94,94,110.49191
85,95,93,106.80747
85,96,92,104.862495
85,97,91,118.6967
85,98,90,120.912224
85,99,89,100.81502
85,100,88,110.91643
85,101,87,112.370125
85,102,86,113.357834
85,103,85,111.437386
85,104,84,113.65062
85,105,83,103.06667
85,106,82,112.42049
85,107,81,114.50239
85,108,80,115.52144
85,109,79,115.669174
85,110,78,118.18188
85,111,77,118.46091
85,112,76,117.66418
85,113,75,118.76385
85,114,74,117.107185
85,115,73,118.28665
85,116,72,114.53226
85,117,71,111.166
85,118,70,101.73036
85,119,69,93.15918
85,120,68,109.14572
85,121,67,101.13636
85,122,66,103.36961
85,123,65,100.70903
85,124,64,95.43973
85,125,63,79.64214
85,126,62,90.78137
85,127,61,98.07642
85,128,60,98.970924
85,129,59,103.65081
85,130,58,105.0085
85,131,57,88.9244
85,132,56,98.40582
85,133,55,89.15304
85,134,54,71.34608
85,135,53,98.896545
85,136,52,82.031136
85,137,51,74.04139
85,138,50,68.89697
85,139,49,83.41486
85,140,48,80.04204
85,141,47,97.33417
85,142,46,85.91679
85,143,45,81.18322
85,144,44,79.670586
85,145,43,76.84559
85,146,42,80.311584
85,147,41,84.373505
85,148,40,84.59247
85,149,39,73.722275
85,150,38,72.18151
85,151,37,54.313175
85,152,36,41.2829
85,153,35,42.13493
85,154,34,37.132603
85,155,33,36.94619
85,156,32,40.336838
85,157,31,46.197998
85,158,30,57.053764
85,159,29,42.441154
85,160,28,39.0308
85,161,27,35.07985
85,162,26,32.981125
85,163,25,28.093697
85,164,24,30.483715
85,165,23,31.37106
85,166,22,28.60997
85,167,21,23.895758
85,168,20,24.598076
85,169,19,21.721548
85,170,18,23.20164
85,171,17,23.397282
85,172,16,24.165401
85,173,15,25.213436
85,174,14,15.23695
85,175,13,14.915767
85,176,12,13.864854
85,177,11,13.673702
85,178,10,10.657037
85,179,9,10.023316
85,180,8,11.517373
85,181,7,11.058789
85,182,6,9.7611
85,183,5,9.3080225
85,184,4,9.87965
85,185,3,6.1090193
85,186,2,5.109092
85,187,1,2.2817023
85,188,0,4.597545
87,1,125,117.190765
87,2,125,103.68544
87,3,125,106.79632
87,4,125,94.93012
87,5,125,100.83394
87,6,125,104.12369
87,7,125,103.067924
87,8,125,107.00861
87,9,125,105.27946
87,10,125,109.2287
87,11,125,109.95897
87,12,125,110.45041
87,13,125,110.45886
87,14,125,107.68636
87,15,125,111.84561
87,16,125,105.704834
87,17,125,109.5138
87,18,125,106.718
87,19,125,102.04552
87,20,125,98.31468
87,21,125,114.28096
87,22,125,111.82566
87,23,125,115.909164
87,24,125,117.49935
87,25,125,114.1137
87,26,125,115.889755
87,27,125,116.58324
87,28,125,117.06138
87,29,125,116.91863
87,30,125,112.17858
87,31,125,107.6938
87,32,125,111.57363
87,33,125,110.63233
87,34,125,108.32348
87,35,125,106.61359
87,36,125,103.069626
87,37,125,108.78322
87,38,125,110.67312
87,39,125,112.93103
87,40,125,107.318016
87,41,125,110.20743
87,42,125,110.26064
87,43,125,108.72381
87,44,125,111.39047
87,45,125,105.589676
87,46,125,108.3089
87,47,125,103.86158
87,48,125,103.760445
87,49,125,104.301834
87,50,125,109.798
87,51,125,108.942345
87,52,125,97.7334
87,53,125,113.003494
87,54,124,99.72703
87,55,123,106.1976
87,56,122,103.606895
87,57,121,101.66533
87,58,120,91.792915
87,59,119,96.64981
87,60,118,90.73574
87,61,117,96.26888
87,62,116,99.13652
87,63,115,96.57429
87,64,114,108.1827
87,65,113,97.43867
87,66,112,103.25972
87,67,111,100.7537
87,68,110,98.421165
87,69,109,107.24783
87,70,108,109.63816
87,71,107,109.06357
87,72,106,109.09465
87,73,105,103.4837
87,74,104,110.09972
87,75,103,108.34927
87,76,102,100.04798
87,77,101,92.198296
87,78,100,100.348145
87,79,99,103.5229
87,80,98,96.69015
87,81,97,102.40069
87,82,96,101.27794
87,83,95,92.80673
87,84,94,99.84225
87,85,93,93.76725
87,86,92,89.952034
87,87,91,92.7316
87,88,90,90.46251
87,89,89,88.936485
87,90,88,88.05535
87,91,87,87.20557
87,92,86,88.05474
87,93,85,101.252235
87,94,84,102.76372
87,95,83,97.7435
87,96,82,102.518196
87,97,81,110.04787
87,98,80,99.27997
87,99,79,96.246346
87,100,78,89.54736
87,101,77,82.69142
87,102,76,89.86302
87,103,75,98.314735
87,104,74,89.48606
87,105,73,90.36273
87,106,72,89.45252
87,107,71,90.77337
87,108,70,93.05749
87,109,69,85.12034
87,110,68,85.644485
87,111,67,82.90645
87,112,66,87.28109
87,113,65,77.07441
87,114,64,71.83095
87,115,63,70.34911
87,116,62,77.503525
87,117,61,89.63784
87,118,60,77.283714
87,119,59,66.27758
87,120,58,75.842896
87,121,57,71.30408
87,122,56,67.04064
87,123,55,75.43305
87,124,54,90.973305
87,125,53,85.45914
87,126,52,91.26214
87,127,51,80.64989
87,128,50,85.648476
87,129,49,66.932274
87,130,48,74.70583
87,131,47,76.9511
87,132,46,63.46244
87,133,45,57.387768
87,134,44,63.69687
87,135,43,65.08935
87,136,42,58.158165
87,137,41,53.11884
87,138,40,54.086357
87,139,39,63.06662
87,140,38,66.41277
87,141,37,69.84812
87,142,36,69.32169
87,143,35,66.979256
87,144,34,53.4137
87,145,33,46.77352
87,146,32,51.69475
87,147,31,44.936752
87,148,30,38.77408
87,149,29,35.512413
87,150,28,30.015703
87,151,27,37.726643
87,152,26,35.011967
87,153,25,35.563354
87,154,24,31.477503
87,155,23,28.213007
87,156,22,28.565996
87,157,21,28.831781
87,158,20,23.733326
87,159,19,24.664112
87,160,18,19.714201
87,161,17,17.210981
87,162,16,20.380554
87,163,15,14.272802
87,164,14,14.285111
87,165,13,12.269741
87,166,12,12.7697115
87,167,11,6.6102057
87,168,10,7.420188
87,169,9,6.3296323
87,170,8,6.499327
87,171,7,0.54071087
87,172,6,0.5816121
87,173,5,1.4136317
87,174,4,2.6591647
87,175,3,2.1426382
87,176,2,3.9808342
87,177,1,3.396336
87,178,0,4.361477
88,1,125,124.21592
88,2,125,120.01225
88,3,125,124.43309
88,4,125,119.81233
88,5,125,120.55669
88,6,125,122.757645
88,7,125,120.02377
88,8,125,121.38823
88,9,125,120.63714
88,10,125,118.74923
88,11,125,118.2813
88,12,125,108.41341
88,13,125,113.68811
88,14,125,116.668205
88,15,125,112.24051
88,16,125,117.57242
88,17,125,116.09696
88,18,125,109.33467
88,19,125,112.7778
88,20,125,112.44263
88,21,125,113.4929
88,22,125,115.988304
88,23,125,116.04585
88,24,125,116.10828
88,25,125,118.320335
88,26,125,120.181885
88,27,125,116.16683
88,28,125,111.87509
88,29,125,108.92663
88,30,125,107.16592
88,31,125,114.03068
88,32,125,111.82095
88,33,125,110.10152
88,34,125,111.79954
88,35,125,116.241066
88,36,125,115.11838
88,37,125,115.860435
88,38,125,113.902016
88,39,125,113.12692
88,40,125,105.707504
88,41,125,105.90895
88,42,125,104.10758
88,43,125,109.62516
88,44,125,108.69799
88,45,125,104.71328
88,46,125,108.52332
88,47,125,110.20527
88,48,125,107.51067
88,49,125,109.72802
88,50,125,111.649536
88,51,125,109.3631
88,52,125,107.299225
88,53,125,106.74137
88,54,125,108.64281
88,55,125,109.39174
88,56,125,109.86475
88,57,125,111.61035
88,58,125,108.71577
88,59,125,104.239296
88,60,125,105.49834
88,61,125,110.48168
88,62,125,116.70619
88,63,125,111.84247
88,64,125,113.602585
88,65,125,111.91976
88,66,125,112.80109
88,67,125,114.3223
88,68,125,120.005974
88,69,125,118.39364
88,70,125,118.410225
88,71,125,119.25022
88,72,125,123.49751
88,73,125,117.36162
88,74,125,117.47214
88,75,125,110.366005
88,76,125,103.9747
88,77,125,100.821205
88,78,125,106.14872
88,79,125,111.16543
88,80,125,105.87299
88,81,125,110.322334
88,82,125,108.28374
88,83,125,101.28351
88,84,125,103.50511
88,85,125,110.43321
88,86,125,105.249214
88,87,125,99.7526
88,88,125,92.85722
88,89,124,100.41203
88,90,123,106.451675
88,91,122,98.90977
88,92,121,105.8679
88,93,120,105.68706
88,94,119,99.7402
88,95,118,102.99674
88,96,117,87.46261
88,97,116,91.689
88,98,115,91.36316
88,99,114,96.800095
88,100,113,90.289795
88,101,112,87.100266
88,102,111,83.223625
88,103,110,88.0075
88,104,109,90.44592
88,105,108,92.4822
88,106,107,91.38336
88,107,106,96.310905
88,108,105,86.067955
88,109,104,76.14034
88,110,103,79.126236
88,111,102,80.698524
88,112,101,80.59218
88,113,100,78.74074
88,114,99,73.88711
88,115,98,82.54093
88,116,97,82.91759
88,117,96,77.92176
88,118,95,85.11913
88,119,94,84.24161
88,120,93,84.83214
88,121,92,82.24212
88,122,91,75.774635
88,123,90,84.03794
88,124,89,78.991585
88,125,88,70.65812
88,126,87,75.71673
88,127,86,72.08727
88,128,85,71.9409
88,129,84,63.7695
88,130,83,56.928837
88,131,82,61.59026
88,132,81,73.44929
88,133,80,65.530754
88,134,79,73.19725
88,135,78,70.66136
88,136,77,76.25041
88,137,76,62.996433
88,138,75,69.42521
88,139,74,67.14165
88,140,73,61.117752
88,141,72,53.196114
88,142,71,52.414783
88,143,70,51.675266
88,144,69,54.928307
88,145,68,56.55319
88,146,67,52.032177
88,147,66,53.95919
88,148,65,55.598995
88,149,64,50.625458
88,150,63,50.255234
88,151,62,53.06932
88,152,61,48.45986
88,153,60,47.674397
88,154,59,46.12717
88,155,58,48.79219
88,156,57,47.192574
88,157,56,45.88897
88,158,55,42.823296
88,159,54,40.528885
88,160,53,46.119534
88,161,52,42.007107
88,162,51,47.48825
88,163,50,40.551075
88,164,49,39.278084
88,165,48,40.904446
88,166,47,39.919846
88,167,46,42.13224
88,168,45,41.044952
88,169,44,43.125805
88,170,43,36.48973
88,171,42,38.239037
88,172,41,36.810368
88,173,40,41.09098
88,174,39,35.957695
88,175,38,33.605507
88,176,37,36.983337
88,177,36,39.704124
88,178,35,33.06996
88,179,34,32.714176
88,180,33,33.14033
88,181,32,29.916994
88,182,31,32.792385
88,183,30,33.682194
88,184,29,32.291862
88,185,28,36.563557
88,186,27,27.054728
88,187,26,31.028717
88,188,25,31.238407
88,189,24,27.957436
88,190,23,25.18213
88,191,22,21.934122
88,192,21,22.061718
88,193,20,22.119743
88,194,19,19.920794
88,195,18,15.929978
88,196,17,17.266644
88,197,16,14.733732
88,198,15,12.851095
88,199,14,10.653397
88,200,13,12.036332
88,201,12,13.553043
88,202,11,15.112395
88,203,10,12.754785
88,204,9,9.968016
88,205,8,8.576232
88,206,7,12.306248
88,207,6,11.482374
88,208,5,9.3160715
88,209,4,9.872067
88,210,3,7.573073
88,211,2,4.8689637
88,212,1,4.97468
88,213,0,3.6706152
92,1,125,115.2048
92,2,125,116.24817
92,3,125,113.8197
92,4,125,115.090416
92,5,125,117.41101
92,6,125,111.99795
92,7,125,112.45857
92,8,125,107.56576
92,9,125,111.39252
92,10,125,112.79481
92,11,125,114.60276
92,12,125,114.81404
92,13,125,118.13487
92,14,125,118.47558
92,15,125,119.491425
92,16,125,119.30373
92,17,125,120.07809
92,18,125,117.78049
92,19,125,121.1748
92,20,125,119.89529
92,21,125,116.03159
92,22,125,116.30122
92,23,125,118.8031
92,24,125,119.791534
92,25,125,122.318
92,26,125,118.183464
92,27,125,114.114174
92,28,125,117.38497
92,29,125,120.03595
92,30,125,120.71708
92,31,125,120.56155
92,32,125,122.16481
92,33,125,114.06251
92,34,125,111.23492
92,35,125,111.91579
92,36,125,111.095146
92,37,125,116.51614
92,38,125,115.25819
92,39,125,116.97394
92,40,125,116.310974
92,41,125,112.4471
92,42,125,114.1651
92,43,125,112.61253
92,44,125,114.289474
92,45,125,111.492546
92,46,125,107.28319
92,47,125,116.45206
92,48,125,111.120605
92,49,125,109.66765
92,50,125,112.903435
92,51,125,113.359116
92,52,125,109.05669
92,53,125,108.48651
92,54,125,112.32402
92,55,125,114.74455
92,56,125,113.48056
92,57,125,107.93859
92,58,125,117.96292
92,59,125,120.48911
92,60,125,120.51491
92,61,125,113.72532
92,62,125,112.40727
92,63,125,116.094696
92,64,125,113.148094
92,65,125,111.48505
92,66,125,114.688866
92,67,125,118.66791
92,68,125,113.12667
92,69,125,115.34928
92,70,125,116.551506
92,71,125,112.82365
92,72,125,117.55029
92,73,125,117.4946
92,74,125,115.220314
92,75,125,121.09338
92,76,125,119.07459
92,77,125,117.97404
92,78,125,116.05974
92,79,125,108.699425
92,80,125,111.57766
92,81,125,112.529816
92,82,125,114.322044
92,83,125,108.39214
92,84,125,104.00473
92,85,125,107.83157
92,86,125,101.65516
92,87,125,111.99518
92,88,125,105.021034
92,89,125,116.115135
92,90,125,113.190025
92,91,125,114.80069
92,92,125,112.75715
92,93,125,113.83494
92,94,125,117.90262
92,95,125,120.03646
92,96,125,117.49634
92,97,125,116.43318
92,98,125,111.21206
92,99,125,111.414246
92,100,125,111.2041
92,101,125,117.0102
92,102,125,112.00186
92,103,125,113.100426
92,104,125,115.47955
92,105,125,112.48823
92,106,125,109.47779
92,107,125,110.82049
92,108,125,113.429436
92,109,125,121.86331
92,110,125,121.3461
92,111,125,115.084526
92,112,125,114.542786
92,113,125,119.57355
92,114,125,116.01925
92,115,125,114.03786
92,116,125,115.26735
92,117,125,116.95779
92,118,125,112.36352
92,119,125,121.03983
92,120,125,114.38448
92,121,125,116.834045
92,122,125,118.139694
92,123,125,117.95727
92,124,125,118.87245
92,125,125,123.17232
92,126,125,120.204285
92,127,125,114.623505
92,128,125,117.75195
92,129,125,117.63913
92,130,125,118.99205
92,131,125,116.77571
92,132,125,121.49264
92,133,125,119.73319
92,134,125,117.91168
92,135,125,118.1665
92,136,125,116.473366
92,137,125,110.34888
92,138,125,115.740875
92,139,125,118.113754
92,140,125,120.727486
92,141,125,117.91281
92,142,125,116.45498
92,143,125,111.58191
92,144,125,106.087685
92,145,125,111.489174
92,146,125,113.98899
92,147,125,112.40997
92,148,125,113.336426
92,149,125,114.26571
92,150,125,117.27876
92,151,125,110.790985
92,152,125,114.863304
92,153,125,112.622
92,154,125,109.48378
92,155,125,104.73151
92,156,125,116.62447
92,157,125,112.84165
92,158,125,119.167816
92,159,125,112.67709
92,160,125,110.5417
92,161,125,117.172485
92,162,125,113.99826
92,163,125,118.32597
92,164,125,117.6121
92,165,125,117.32278
92,166,125,116.537766
92,167,125,108.21832
92,168,125,113.982735
92,169,125,110.54679
92,170,125,114.18749
92,171,125,108.76462
92,172,125,111.978424
92,173,125,115.49973
92,174,125,107.16308
92,175,125,107.95441
92,176,125,108.15424
92,177,125,109.81565
92,178,125,109.5886
92,179,125,106.12346
92,180,125,107.47276
92,181,125,112.046875
92,182,125,111.256454
92,183,125,106.6832
92,184,125,108.727585
92,185,125,107.032684
92,186,125,113.61445
92,187,125,122.71714
92,188,125,119.43484
92,189,125,120.47295
92,190,125,113.026505
92,191,125,103.59208
92,192,125,105.978165
92,193,125,104.70096
92,194,125,102.38092
92,195,125,99.555984
92,196,125,108.07108
92,197,125,89.39136
92,198,125,98.513725
92,199,125,100.57144
92,200,125,90.16627
92,201,125,94.94652
92,202,125,97.07701
92,203,125,98.71202
92,204,125,90.02642
92,205,125,93.13964
92,206,125,86.669876
92,207,125,93.52775
92,208,125,85.9126
92,209,125,78.51455
92,210,125,86.086006
92,211,125,90.420944
92,212,125,89.07072
92,213,125,91.99702
92,214,125,92.006744
92,215,125,95.17028
92,216,125,87.57932
92,217,124,82.88431
92,218,123,90.3194
92,219,122,90.657295
92,220,121,94.45596
92,221,120,86.67493
92,222,119,89.96626
92,223,118,79.77926
92,224,117,73.91727
92,225,116,74.787834
92,226,115,75.558136
92,227,114,78.48098
92,228,113,70.427284
92,229,112,74.112755
92,230,111,79.66578
92,231,110,78.67138
92,232,109,75.53656
92,233,108,65.9212
92,234,107,59.54124
92,235,106,60.004807
92,236,105,55.63032
92,237,104,62.165813
92,238,103,64.741196
92,239,102,68.76812
92,240,101,60.63405
92,241,100,65.58867
92,242,99,58.726013
92,243,98,62.72242
92,244,97,58.227818
92,245,96,57.208782
92,246,95,49.036472
92,247,94,44.532475
92,248,93,42.01635
92,249,92,36.199554
92,250,91,43.585304
92,251,90,45.225605
92,252,89,50.86298
92,253,88,43.500233
92,254,87,41.896183
92,255,86,46.360554
92,256,85,47.773052
92,257,84,49.911022
92,258,83,47.17772
92,259,82,49.32669
92,260,81,45.441334
92,261,80,43.977634
92,262,79,51.26452
92,263,78,48.943832
92,264,77,44.781494
92,265,76,46.53249
92,266,75,46.177296
92,267,74,46.148006
92,268,73,44.055447
92,269,72,38.84506
92,270,71,43.443295
92,271,70,37.093555
92,272,69,35.90507
92,273,68,39.16691
92,274,67,39.95636
92,275,66,43.240326
92,276,65,38.0682
92,277,64,38.57633
92,278,63,39.982235
92,279,62,38.804665
92,280,61,40.792294
92,281,60,43.07294
92,282,59,42.78541
92,283,58,41.56052
92,284,57,40.646194
92,285,56,42.05821
92,286,55,40.06939
92,287,54,42.23574
92,288,53,29.088335
92,289,52,31.996386
92,290,51,31.083792
92,291,50,33.15676
92,292,49,32.18133
92,293,48,35.64654
92,294,47,30.649553
92,295,46,31.939024
92,296,45,34.09186
92,297,44,29.918781
92,298,43,30.633846
92,299,42,25.42918
92,300,41,24.666815
92,301,40,27.832893
92,302,39,27.300951
92,303,38,25.972242
92,304,37,26.132132
92,305,36,27.11408
92,306,35,22.98155
92,307,34,23.536674
92,308,33,24.96521
92,309,32,19.86045
92,310,31,23.057856
92,311,30,21.178875
92,312,29,19.39828
92,313,28,19.480394
92,314,27,20.206392
92,315,26,16.375214
92,316,25,14.59803
92,317,24,16.712431
92,318,23,15.272873
92,319,22,15.8545885
92,320,21,10.182762
92,321,20,8.678764
92,322,19,8.847537
92,323,18,9.673933
92,324,17,7.0558405
92,325,16,10.036619
92,326,15,10.103544
92,327,14,9.883069
92,328,13,8.899637
92,329,12,8.258768
92,330,11,12.945099
92,331,10,9.363422
92,332,9,7.0022225
92,333,8,7.9860516
92,334,7,7.540668
92,335,6,5.26455
92,336,5,4.4982743
92,337,4,4.8110013
92,338,3,4.6361957
92,339,2,2.9234593
92,340,1,2.2952137
92,341,0,2.5395083
93,1,125,122.743225
93,2,125,121.56832
93,3,125,121.775925
93,4,125,124.74505
93,5,125,124.68945
93,6,125,113.79252
93,7,125,120.50133
93,8,125,119.59372
93,9,125,120.047295
93,10,125,119.423965
93,11,125,118.95496
93,12,125,118.89108
93,13,125,122.08804
93,14,125,119.20168
93,15,125,122.63984
93,16,125,122.70866
93,17,125,118.88985
93,18,125,122.01366
93,19,125,122.916405
93,20,125,118.9734
93,21,125,118.822495
93,22,125,116.00248
93,23,125,115.47767
93,24,125,118.690956
93,25,125,119.57181
93,26,125,119.16864
93,27,125,120.57438
93,28,125,112.62076
93,29,125,112.70182
93,30,125,117.22434
93,31,124,115.86597
93,32,123,117.071
93,33,122,121.6019
93,34,121,120.35989
93,35,120,121.441414
93,36,119,117.61179
93,37,118,117.414505
93,38,117,115.55326
93,39,116,117.69105
93,40,115,119.68242
93,41,114,118.17225
93,42,113,118.71486
93,43,112,119.451706
93,44,111,116.82042
93,45,110,118.795204
93,46,109,116.2116
93,47,108,120.56257
93,48,107,120.36686
93,49,106,117.66978
93,50,105,115.991486
93,51,104,113.22394
93,52,103,111.43968
93,53,102,109.846794
93,54,101,121.60096
93,55,100,122.64351
93,56,99,122.58097
93,57,98,123.25275
93,58,97,119.19413
93,59,96,118.69354
93,60,95,118.93133
93,61,94,120.466
93,62,93,120.10164
93,63,92,117.60356
93,64,91,121.71035
93,65,90,117.67571
93,66,89,116.52571
93,67,88,117.80753
93,68,87,112.11734
93,69,86,110.821175
93,70,85,110.59347
93,71,84,108.40995
93,72,83,108.926674
93,73,82,108.38956
93,74,81,103.67183
93,75,80,108.54526
93,76,79,111.07679
93,77,78,107.54237
93,78,77,105.14942
93,79,76,110.24829
93,80,75,108.651566
93,81,74,116.16474
93,82,73,118.06825
93,83,72,113.02414
93,84,71,116.99245
93,85,70,113.04322
93,86,69,116.17884
93,87,68,106.54281
93,88,67,97.92188
93,89,66,104.29932
93,90,65,110.59698
93,91,64,111.18157
93,92,63,107.98169
93,93,62,102.69056
93,94,61,107.50907
93,95,60,113.04755
93,96,59,106.47942
93,97,58,109.235886
93,98,57,112.83908
93,99,56,118.58512
93,100,55,111.40722
93,101,54,113.72716
93,102,53,115.33205
93,103,52,107.81605
93,104,51,92.55135
93,105,50,100.85249
93,106,49,105.70942
93,107,48,101.18659
93,108,47,94.48851
93,109,46,93.875404
93,110,45,78.87582
93,111,44,91.42143
93,112,43,73.06152
93,113,42,87.99074
93,114,41,90.779366
93,115,40,94.88799
93,116,39,84.62366
93,117,38,88.82232
93,118,37,78.854774
93,119,36,74.289276
93,120,35,65.03179
93,121,34,64.902145
93,122,33,81.48672
93,123,32,73.41834
93,124,31,77.84226
93,125,30,71.841934
93,126,29,62.71923
93,127,28,62.516415
93,128,27,62.70155
93,129,26,65.11901
93,130,25,64.2899
93,131,24,68.84236
93,132,23,53.914284
93,133,22,45.23398
93,134,21,42.069897
93,135,20,38.75052
93,136,19,38.131943
93,137,18,39.070858
93,138,17,35.292862
93,139,16,37.880886
93,140,15,28.153128
93,141,14,29.904703
93,142,13,28.771395
93,143,12,25.43193
93,144,11,23.498617
93,145,10,21.091661
93,146,9,20.599863
93,147,8,18.806765
93,148,7,15.70034
93,149,6,10.700958
93,150,5,8.869169
93,151,4,1.5146911
93,152,3,4.2743855
93,153,2,4.167235
93,154,1,2.5678635
93,155,0,1.8012521
